edgeID,DAY,NIGHT
0,46,29
1,3,50
2,45,81
3,101,62
4,12,0
5,1,6
7,26,17
8,504,238
9,49,71
10,0,0
11,15,104
12,0,0
13,67,5
14,9,56
15,802,55
16,0,0
17,0,92
18,11,1
19,646,442
20,2,18
21,0,0
22,31,4
23,84,57
24,102,83
25,1,0
26,9,2
27,60,57
29,79,36
33,40,50
34,55,114
35,19,2
36,29,1
37,8,66
38,56,44
39,0,0
40,22,201
41,34,48
43,7,11
44,28,13
45,0,0
46,0,1
47,7,2
48,5,10
49,318,14
50,35,31
51,396,5
52,147,47
53,262,72
54,75,29
55,26,137
56,0,0
57,8,39
59,50,34
60,1,0
62,59,62
63,10,16
64,1,4
66,144,87
67,310,69
68,80,273
69,120,204
70,285,64
71,46,26
72,106,85
73,53,23
76,2,58
77,0,0
78,4,5
79,3,12
80,15,4
81,45,172
82,12,9
83,1,5
85,11,3
86,4,8
87,21,9
88,40,14
89,588,48
90,0,0
91,5,2
92,6,1
95,135,86
99,34,16
100,167,67
101,6,32
103,0,2
106,0,0
107,0,0
109,63,11
110,26,31
111,3,0
112,45,2
113,10,3
114,12,11
115,62,31
116,5,4
117,75,75
118,5,2
119,3,17
120,4,8
121,17,102
122,11,9
123,4,5
124,20,30
125,27,36
128,153,17
129,4,0
130,7,3
131,10,5
132,84,64
133,88,167
134,36,10
136,88,43
137,159,100
138,4,8
140,5,10
141,21,49
142,0,0
143,2,2
144,149,78
145,1,0
146,8,8
148,492,0
149,103,9
150,145,55
151,606,25
153,202,70
155,0,7
156,0,0
158,75,59
159,1,4
160,34,10
161,216,199
162,41,20
163,0,0
164,0,0
166,0,0
167,84,64
168,4,13
169,3,1
170,8,6
171,33,20
172,7,4
173,4,4
174,17,36
175,0,0
176,17,11
177,72,53
178,23,14
179,23,33
180,3,2
181,148,46
182,25,5
184,14,16
185,14,10
186,0,0
187,34,16
188,103,45
189,82,14
190,26,63
191,27,11
194,7,5
195,20,7
200,20,5
201,13,13
202,7,16
203,7,26
204,0,2
205,86,84
206,8,3
207,59,27
208,4,7
209,161,182
210,26,5
211,1,3
213,4,5
214,6,7
215,0,28
216,0,14
218,27,29
219,19,19
220,16,7
221,77,35
222,0,0
223,49,40
225,0,0
226,18,33
227,36,30
228,0,0
229,0,0
230,18,277
231,54,8
232,16,6
235,0,1
236,5,6
237,25,182
238,13,8
239,551,138
240,93,79
241,4,1
242,4,16
243,65,110
244,76,46
245,12,4
246,8,4
248,7,8
249,7,4
250,392,447
251,393,12
252,665,631
253,67,62
256,68,39
257,18,27
258,217,69
260,3,1
261,87,98
262,25,5
263,0,0
264,21,56
265,3,9
266,155,151
267,23,21
268,159,134
269,55,128
270,0,0
271,1,6
272,13,21
273,0,1
274,143,84
275,59,63
276,29,98
280,0,1
281,0,0
282,26,8
283,114,69
284,164,5
286,345,617
287,7,341
288,103,75
289,582,174
292,929,86
293,0,0
295,0,11
296,12,31
297,5,9
298,1,1
301,6,6
303,20,19
304,19,9
307,0,15
308,1,5
309,0,5
310,4,1
311,17,60
313,16,4
314,0,0
315,0,1
316,0,27
317,105,98
318,71,85
319,0,0
320,9,35
321,281,210
323,146,90
325,64,112
326,0,0
327,83,35
329,89,107
330,16,15
331,4,2
332,1,1
333,2,1
334,33,37
335,69,55
337,2,0
340,829,91
341,26,86
342,16,15
343,0,12
344,61,140
345,157,16
346,18,112
347,8,81
349,6,123
350,23,38
352,128,7
353,54,59
354,0,0
355,41,47
356,90,75
358,96,26
359,281,40
360,24,11
361,14,9
362,97,116
363,152,4
364,10,0
365,14,0
366,9,43
367,256,14
368,82,55
369,82,70
370,107,93
371,37,20
372,26,53
373,1,0
374,1,21
375,0,107
376,164,74
377,16,29
378,17,17
379,304,130
380,12,0
381,3,2
382,1,26
383,10,42
384,2,7
385,5,6
387,22,14
388,2,3
389,0,0
390,82,98
391,4,65
392,5,2
393,6,8
394,77,139
397,137,96
399,0,0
400,0,30
401,69,49
402,16,13
403,18,14
404,48,7
405,15,2
406,5,0
407,0,0
408,16,6
409,77,21
411,67,25
412,875,79
414,71,71
415,70,58
416,107,68
417,0,0
418,0,0
419,20,9
421,2,2
422,99,4
423,4,85
424,78,276
426,92,16
427,27,25
428,29,65
429,65,24
431,6,0
432,8,3
433,19,23
434,198,186
435,5,9
436,21,42
437,34,37
438,25,18
439,106,119
440,102,70
443,11,10
444,1,1
446,1,1
447,1,4
448,6,52
449,3,7
452,0,185
453,175,4
454,0,0
459,6,40
460,57,153
461,0,0
463,60,130
464,0,0
465,15,14
467,18,1
469,42,30
470,28,34
473,0,0
474,2,1
475,0,5
476,262,156
478,29,165
479,6,5
481,13,11
482,0,0
485,0,0
486,0,0
487,95,76
488,25,7
489,126,43
490,65,9
491,68,111
492,24,5
493,26,11
494,525,25
496,579,24
497,555,83
500,16,34
501,12,39
502,14,67
503,34,126
504,4,52
505,8,3
506,14,16
507,8,2
508,69,14
509,26,71
510,0,0
511,309,218
512,33,23
513,0,0
514,215,323
515,73,28
516,8,43
517,5,12
518,4,30
519,99,66
521,594,56
524,58,99
525,22,10
526,0,1
527,3,4
529,3,77
531,6,355
532,216,63
533,23,11
534,103,95
535,36,38
536,23,94
537,55,15
538,54,23
539,186,103
541,275,140
542,127,54
543,236,223
544,36,7
545,35,17
546,23,27
547,38,156
548,21,151
549,3,12
550,49,46
551,181,252
552,123,106
553,94,117
554,4,5
555,145,142
556,0,3
557,441,27
559,0,23
560,156,133
562,37,27
563,0,0
564,0,101
566,0,0
567,0,0
568,0,0
569,5,6
571,2,1
572,0,0
574,211,16
587,34,41
588,23,10
589,3,18
590,17,17
591,39,11
592,0,3
593,525,82
594,8,27
595,232,598
596,121,36
598,56,26
599,30,11
600,141,2
601,7,21
603,3,1
605,45,34
606,151,104
607,44,39
608,1,4
611,88,132
612,59,52
613,20,12
614,222,176
615,23,1
616,83,11
617,29,95
618,517,54
619,56,59
620,3,42
621,22,27
622,40,49
623,6,3
624,114,51
625,69,211
626,18,79
627,0,0
628,158,62
629,52,2
630,40,8
631,0,0
633,16,8
634,200,11
635,25,28
636,0,1
637,8,8
638,0,1
639,23,65
640,3,4
641,0,0
642,42,15
643,11,8
646,0,2
647,19,5
648,181,210
649,43,18
650,0,0
653,12,8
655,116,48
656,7,7
658,19,41
659,445,292
661,187,4
662,787,18
663,0,180
664,8,15
665,59,4
666,1,1
667,82,6
668,17,129
670,0,2
672,8,45
673,40,57
674,30,53
675,18,10
676,4,56
677,50,68
678,212,187
679,72,42
680,144,123
681,80,141
682,254,241
683,28,15
684,2,15
685,4,1
686,51,99
687,0,0
688,57,103
690,0,2
691,6,92
692,2,37
693,10,17
694,4,9
695,17,22
696,14,10
697,6,2
698,0,0
699,7,73
700,6,73
702,11,19
703,55,46
704,11,26
706,193,87
707,0,0
708,88,38
709,57,74
710,0,2
711,143,234
712,5,6
713,2,2
715,87,228
716,30,16
717,9,15
718,127,113
719,4,26
720,213,183
722,90,111
723,38,44
724,60,117
725,58,107
727,7,5
728,4,7
729,2,6
732,5,4
733,42,22
735,0,0
736,0,0
737,16,66
738,40,51
739,5,27
740,5,108
741,0,0
742,30,15
743,78,68
744,74,101
745,109,93
746,69,88
747,74,39
748,106,65
749,162,44
752,7,5
754,37,54
755,30,51
756,11,2
757,30,15
758,66,14
759,12,8
760,0,0
761,4,2
762,0,4
763,1,10
764,0,6
765,9,7
769,31,8
770,14,5
772,38,35
774,12,3
775,12,12
776,4,5
779,19,10
782,0,0
785,14,6
786,25,99
787,8,6
788,0,0
789,122,95
790,16,13
791,18,15
793,16,13
794,0,3
795,0,0
796,0,0
797,87,51
798,66,60
799,0,0
800,83,67
801,5,1
802,9,20
805,445,285
806,12,37
807,90,95
808,102,138
809,0,0
810,137,50
811,0,0
812,0,0
813,59,66
814,0,0
815,68,86
816,13,4
817,226,197
818,259,0
819,0,0
820,323,256
821,101,21
822,35,17
823,0,0
825,148,157
826,154,221
829,83,35
830,48,44
831,60,63
832,16,4
833,52,34
835,44,41
836,23,54
837,6,9
839,105,99
840,69,119
841,165,173
844,5,7
845,5,3
848,3,0
849,4,3
853,3,13
854,1,3
855,12,5
856,5,0
857,11,5
860,0,0
861,10,5
862,4,1
864,10,5
865,7,4
868,0,0
870,1,1
871,13,5
872,11,7
874,1,5
875,7,3
876,0,1
879,17,22
880,26,10
881,21,5
882,15,12
883,3,116
884,30,127
885,54,22
886,291,133
887,12,59
888,199,43
889,351,645
890,0,1
892,36,7
893,67,56
894,2,6
896,35,49
897,9,4
898,1,4
899,6,2
901,4,4
902,4,16
904,39,15
905,3,1
906,0,0
907,2,3
908,224,559
909,144,132
910,127,119
911,34,8
913,8,0
914,0,9
915,12,2
916,6,1
919,39,79
920,0,0
922,40,18
923,0,6
926,43,19
927,0,0
935,62,16
936,179,114
937,0,0
938,22,15
940,15,2
941,0,0
945,10,5
946,10,10
947,18,114
948,2,0
950,25,11
951,3,0
952,0,0
954,29,24
956,14,17
957,41,111
959,15,7
960,26,8
962,38,201
963,7,1
964,0,0
965,0,0
967,13,5
968,79,40
971,65,69
972,5,6
973,0,0
975,24,12
976,0,2
979,3,16
980,23,16
981,3,1
984,33,16
985,65,58
986,12,1
992,3,13
993,39,18
994,72,18
995,101,60
996,98,62
997,99,62
998,32,31
1000,18,17
1002,64,54
1003,56,101
1004,0,3
1005,3,3
1013,52,39
1014,52,26
1015,268,4
1017,0,0
1018,8,40
1019,107,109
1020,16,24
1021,55,76
1022,26,0
1024,17,1
1025,34,8
1026,38,7
1027,48,0
1028,0,0
1029,101,17
1030,11,30
1031,27,39
1032,45,17
1033,58,84
1034,53,8
1035,0,0
1037,39,41
1038,131,134
1039,23,15
1040,35,17
1041,72,61
1042,26,21
1043,7,2
1044,141,108
1049,65,30
1050,3,0
1051,48,102
1052,141,15
1053,0,1
1055,0,1
1056,0,0
1057,0,0
1059,169,127
1060,24,39
1061,12,8
1062,20,8
1063,2,1
1064,6,11
1069,0,1
1070,0,0
1071,16,16
1073,0,0
1074,32,6
1075,24,7
1076,0,0
1077,0,0
1078,21,27
1079,0,0
1083,6,6
1084,0,2
1085,76,187
1086,26,50
1087,7,4
1088,0,0
1089,40,33
1090,0,0
1091,2,49
1092,11,57
1094,431,58
1095,7,125
1096,366,34
1099,880,32
1100,27,34
1101,175,75
1102,112,91
1103,25,26
1105,10,0
1106,3,5
1107,48,11
1108,17,5
1109,28,6
1110,31,16
1111,3,1
1112,0,0
1113,0,0
1114,0,1
1115,14,1
1117,4,6
1118,0,0
1119,84,16
1120,72,15
1122,1,11
1125,15,4
1127,0,0
1129,0,1
1131,58,30
1133,6,11
1134,12,26
1135,49,29
1137,0,19
1139,12,39
1140,82,92
1141,211,257
1142,177,196
1143,48,21
1144,82,65
1145,21,32
1147,0,0
1151,16,18
1152,80,50
1153,0,0
1154,0,0
1156,141,90
1157,171,96
1158,64,61
1162,103,332
1163,3,3
1164,28,94
1165,75,20
1167,71,15
1168,18,6
1169,64,27
1170,5,3
1171,1,0
1172,5,4
1175,33,13
1176,32,145
1177,5,4
1178,61,26
1179,12,2
1180,16,5
1181,33,29
1182,17,22
1189,4,3
1190,1,0
1192,0,0
1194,1,0
1196,0,0
1197,1,0
1198,14,4
1202,113,76
1204,0,18
1205,62,4
1206,18,24
1207,26,29
1208,0,0
1210,17,27
1211,63,26
1212,16,58
1213,14,7
1214,78,28
1215,12,11
1216,10,11
1217,0,0
1218,57,50
1219,12,26
1220,73,59
1221,95,94
1222,46,34
1223,46,22
1224,16,26
1225,47,90
1226,31,58
1227,57,61
1228,32,45
1229,35,62
1231,0,0
1233,2,3
1234,20,4
1235,0,0
1236,1,70
1237,9,64
1238,6,3
1239,12,66
1241,14,12
1243,10,13
1246,27,62
1247,1078,116
1248,49,81
1249,0,13
1250,0,0
1251,0,2
1252,4,2
1253,110,112
1254,0,0
1255,29,182
1259,46,22
1260,3,1
1261,2,4
1263,32,34
1264,0,4
1265,16,18
1266,261,165
1267,65,26
1270,78,20
1271,304,170
1272,54,15
1273,2,0
1274,8,1
1275,0,0
1276,149,99
1277,7,2
1279,15,39
1280,23,21
1284,52,9
1294,0,0
1295,28,33
1296,25,19
1299,601,28
1300,1,0
1301,1,0
1303,148,188
1304,13,4
1305,41,22
1306,91,55
1307,744,9
1308,1,0
1312,4,0
1313,0,0
1314,11,55
1315,26,66
1316,74,16
1319,27,14
1320,30,16
1321,136,75
1322,47,21
1323,85,52
1324,131,11
1326,76,189
1327,0,60
1328,654,47
1330,21,2
1331,84,42
1332,12,4
1333,52,45
1334,15,0
1337,130,29
1338,0,0
1339,57,37
1341,0,0
1342,38,24
1343,46,4
1344,25,16
1346,0,0
1347,0,0
1350,43,7
1352,99,71
1353,8,218
1354,72,117
1355,50,114
1356,38,91
1357,136,142
1358,4,1
1360,34,21
1361,31,75
1362,54,68
1363,28,35
1364,32,39
1365,34,110
1367,15,12
1368,188,101
1370,84,115
1371,176,28
1372,24,20
1373,52,12
1374,0,0
1375,5,6
1376,0,0
1377,6,15
1378,35,33
1380,80,117
1383,13,4
1384,0,0
1385,29,11
1386,60,50
1387,23,25
1388,20,26
1389,15,129
1390,43,65
1391,239,221
1392,232,446
1393,7,4
1394,2,39
1395,115,122
1396,7,5
1397,8,4
1398,1,0
1399,0,0
1400,0,0
1402,3,2
1403,0,0
1410,0,0
1411,2,2
1412,0,0
1417,0,0
1421,0,0
1423,0,1
1426,37,89
1428,2,255
1429,4,223
1430,61,30
1431,16,5
1433,33,92
1438,72,40
1439,51,184
1440,104,56
1441,17,9
1442,6,0
1443,2,8
1444,0,3
1445,7,4
1446,175,65
1447,20,72
1449,14,4
1454,22,0
1456,88,149
1458,0,32
1459,35,19
1463,62,7
1464,34,6
1467,4,6
1468,0,0
1469,116,8
1470,115,33
1471,4,4
1474,0,0
1476,4,2
1477,1,31
1478,50,35
1480,11,14
1481,5,2
1483,536,7
1484,0,0
1485,0,3
1487,4,4
1488,954,79
1489,68,33
1490,101,112
1491,88,71
1492,223,226
1493,94,107
1494,8,5
1495,68,40
1496,46,20
1497,78,49
1498,90,79
1501,8,5
1502,19,10
1503,42,22
1504,15,15
1505,1,0
1507,0,0
1508,2,5
1509,74,0
1510,36,0
1511,2,20
1512,10,2
1513,3,3
1514,26,10
1515,18,15
1516,178,72
1517,6,5
1518,3,31
1522,5,7
1523,2,0
1524,534,32
1525,93,42
1526,61,29
1527,54,2
1529,133,76
1531,0,0
1533,0,1
1534,2,1
1535,12,2
1537,114,91
1538,7,1
1539,5,4
1540,13,13
1541,10,3
1542,6,1
1544,14,14
1545,2,2
1546,20,11
1547,112,142
1552,33,15
1553,27,13
1555,55,48
1556,7,0
1557,20,75
1564,38,23
1565,22,27
1566,14,103
1570,1,0
1571,5,4
1572,1,187
1573,8,87
1574,19,17
1577,89,50
1581,5,0
1582,0,0
1583,58,0
1584,24,0
1585,59,0
1587,0,0
1588,29,0
1589,156,2
1590,84,0
1591,88,2
1592,74,0
1597,2,1
1598,225,124
1599,115,146
1600,0,0
1602,0,0
1604,0,0
1605,0,0
1606,1088,42
1607,17,220
1608,0,0
1610,55,135
1611,335,10
1612,0,4
1613,67,93
1614,42,31
1615,1,7
1616,9,29
1617,1,16
1618,77,7
1619,90,69
1621,86,102
1623,134,92
1624,71,36
1625,2,0
1626,141,59
1627,115,111
1628,124,88
1629,111,127
1630,3,4
1631,6,3
1632,20,9
1633,44,41
1634,50,10
1635,24,22
1636,0,19
1644,15,5
1645,11,19
1648,86,154
1651,40,21
1652,28,16
1655,130,4
1656,33,0
1659,67,0
1661,96,0
1662,4,0
1663,25,4
1664,28,0
1665,17,0
1666,0,0
1668,0,0
1669,15,24
1671,12,2
1672,11,5
1673,74,4
1681,0,0
1683,36,10
1684,3,5
1687,29,43
1691,6,7
1692,18,3
1694,0,0
1695,1,37
1696,328,2
1697,0,0
1699,0,0
1700,0,0
1701,921,111
1702,921,111
1703,129,103
1704,0,0
1705,43,44
1706,11,13
1707,35,31
1708,67,11
1709,20,14
1710,10,15
1711,7,5
1713,6,0
1714,32,69
1715,36,48
1716,15,7
1721,325,306
1724,0,0
1726,8,8
1731,86,21
1733,23,28
1736,18,3
1737,0,7
1741,15,9
1742,305,20
1743,30,0
1745,99,95
1746,105,333
1747,117,63
1748,19,136
1750,2,9
1751,6,8
1754,146,59
1755,111,0
1758,8,9
1759,0,0
1760,13,70
1761,17,7
1762,7,0
1766,0,0
1768,21,2
1770,49,22
1771,53,20
1772,11,13
1773,1,4
1774,27,11
1775,5,1
1776,0,3
1777,33,23
1778,30,10
1779,25,27
1782,0,2
1784,0,0
1785,56,16
1786,1,0
1787,53,14
1788,5,220
1789,47,203
1790,0,0
1791,237,34
1793,11,4
1794,4,65
1795,24,11
1796,53,13
1797,0,0
1800,0,0
1803,8,16
1805,5,5
1806,5,9
1807,0,0
1808,0,0
1809,21,18
1810,43,34
1812,26,19
1814,0,0
1815,0,0
1816,6,4
1817,18,17
1818,1,0
1819,0,6
1820,4,8
1822,79,83
1827,0,0
1830,3,0
1835,0,0
1837,0,5
1851,234,78
1852,169,156
1853,1,1
1857,61,2
1858,108,365
1859,5,4
1860,98,2
1862,0,0
1864,28,78
1866,0,0
1867,0,23
1869,116,162
1870,71,30
1871,48,82
1872,52,18
1874,19,13
1875,95,182
1876,0,0
1877,5,46
1878,97,26
1879,101,48
1880,367,58
1882,12,3
1883,7,14
1889,7,7
1891,0,0
1892,19,12
1894,23,4
1896,11,13
1897,3,0
1898,5,1
1899,0,0
1900,1,0
1901,0,0
1903,11,3
1904,14,2
1906,9,21
1907,24,90
1908,106,229
1909,72,46
1910,69,45
1911,20,123
1912,0,0
1913,51,11
1914,25,12
1915,0,0
1917,109,136
1920,53,0
1922,5,0
1923,9,0
1924,24,1
1930,0,0
1931,156,77
1932,34,6
1933,90,42
1934,14,4
1935,97,24
1936,0,56
1937,205,280
1938,0,0
1939,0,0
1940,8,54
1941,23,48
1943,128,200
1944,162,94
1945,58,11
1946,66,45
1948,113,98
1949,635,275
1950,1,2
1951,109,66
1952,105,55
1953,162,103
1955,102,120
1956,116,174
1957,59,50
1958,66,102
1959,50,45
1960,46,46
1961,87,136
1962,50,69
1963,36,38
1964,11,6
1969,59,361
1970,12,7
1972,0,0
1974,676,3
1975,8,24
1976,0,1
1977,12,10
1979,0,0
1980,28,9
1981,18,3
1982,51,36
1983,22,4
1985,0,0
1986,0,0
1988,104,49
1989,0,0
1990,0,1
1992,141,104
1993,0,1
1994,0,0
1995,99,68
1996,51,2
1998,19,6
1999,109,39
2000,0,0
2001,14,86
2002,49,8
2003,36,5
2004,205,203
2005,38,18
2006,19,42
2007,33,19
2008,6,8
2009,4,4
2014,0,0
2019,8,76
2020,27,24
2021,1,5
2023,0,6
2024,54,8
2025,60,61
2026,6,6
2028,70,58
2029,46,21
2030,3,21
2033,19,83
2034,16,5
2035,20,19
2036,11,5
2039,1,1
2040,0,0
2041,2,4
2045,34,9
2048,8,7
2049,0,0
2051,38,72
2054,71,1
2056,0,0
2058,7,1
2070,239,115
2071,0,0
2075,0,0
2078,0,0
2081,68,0
2082,16,0
2083,124,117
2084,24,0
2085,28,0
2086,1,0
2098,0,0
2107,2,2
2108,3,0
2111,17,1
2116,0,0
2118,5,0
2119,13,3
2122,40,5
2123,15,9
2126,0,0
2127,35,19
2136,1,1
2138,43,3
2139,12,3
2140,36,3
2147,86,89
2149,0,2
2151,10,72
2155,120,32
2156,4,7
2157,18,3
2159,3,0
2161,15,2
2162,7,6
2164,2,1
2165,35,129
2166,121,129
2167,95,99
2168,148,102
2169,0,1
2170,3,23
2171,8,5
2185,0,0
2186,5,3
2187,10,23
2188,0,0
2189,19,16
2190,0,0
2195,57,121
2196,0,0
2197,139,22
2198,67,31
2199,38,21
2200,46,29
2201,67,37
2202,201,218
2203,48,23
2204,53,64
2205,0,0
2207,7,1
2208,0,0
2209,2,5
2210,0,0
2211,189,55
2212,167,229
2217,0,0
2218,33,55
2219,39,23
2220,9,7
2221,13,2
2222,10,2
2223,9,7
2224,10,5
2225,52,57
2226,3,1
2227,14,6
2229,4,5
2230,9,0
2234,0,0
2235,5,0
2236,11,1
2237,10,0
2238,16,1
2239,1,1
2240,5,33
2242,29,1
2243,1,0
2244,0,0
2246,4,0
2247,5,0
2248,0,0
2249,25,74
2250,6,5
2251,10,3
2252,0,5
2253,11,1
2254,9,3
2255,2,2
2256,5,6
2257,0,0
2258,94,118
2259,51,27
2260,7,5
2262,15,5
2263,11,3
2265,2,0
2271,0,0
2272,8,1
2274,28,22
2275,19,3
2276,40,7
2277,24,5
2278,37,26
2280,25,24
2281,29,12
2282,0,0
2283,106,87
2284,25,33
2285,19,9
2286,41,28
2287,0,0
2288,57,79
2289,97,92
2290,142,160
2291,108,100
2292,102,43
2293,204,108
2294,12,7
2295,216,140
2297,0,0
2298,102,69
2299,137,75
2300,110,55
2304,44,0
2305,64,0
2306,51,0
2307,2,0
2308,0,1
2310,0,0
2311,35,19
2312,45,11
2313,67,78
2314,44,12
2315,40,4
2316,27,39
2317,28,52
2318,69,72
2319,64,59
2320,0,0
2322,44,31
2323,25,8
2324,21,12
2325,38,17
2326,514,409
2328,20,8
2329,0,0
2330,44,17
2331,202,125
2332,163,128
2334,4,4
2335,25,17
2336,68,100
2337,62,64
2338,27,23
2339,68,31
2340,26,7
2341,8,47
2342,49,20
2344,137,75
2345,72,225
2346,265,98
2347,103,250
2348,93,90
2350,28,5
2352,0,0
2353,17,27
2354,12,3
2355,4,8
2359,3,2
2361,0,0
2363,2,8
2364,4,9
2370,0,0
2372,10,9
2376,8,8
2377,5,16
2378,37,20
2379,59,15
2380,5,6
2381,12,11
2382,28,2
2383,8,5
2387,71,98
2388,52,34
2389,0,0
2390,24,152
2391,5,2
2393,11,2
2397,81,85
2401,413,637
2403,4,0
2404,34,0
2405,3,3
2407,35,0
2409,0,0
2411,0,0
2412,1,0
2434,135,164
2439,253,273
2440,0,0
2441,89,63
2442,132,129
2443,83,62
2444,10,55
2446,0,0
2455,453,541
2456,127,80
2459,47,37
2461,53,58
2462,10,10
2463,0,2
2464,47,41
2465,0,1
2466,0,3
2467,369,59
2468,43,28
2469,37,90
2470,33,3
2471,60,3
2472,29,6
2473,14,2
2476,12,71
2477,10,1
2478,14,5
2480,0,0
2481,147,105
2487,0,0
2488,0,15
2489,13,77
2492,0,0
2493,0,1
2494,0,6
2498,0,1
2499,50,39
2501,39,1
2506,233,44
2507,0,10
2508,34,23
2509,10,48
2510,4,21
2511,19,56
2513,21,19
2514,0,0
2515,23,41
2517,29,31
2518,57,25
2519,117,119
2520,122,139
2521,5,69
2523,4,12
2529,1,2
2532,125,39
2534,29,13
2535,15,14
2536,26,62
2537,15,58
2538,0,3
2539,36,21
2540,2,0
2544,4,0
2549,55,0
2550,39,0
2551,171,117
2552,254,0
2553,10,0
2554,47,0
2557,15,0
2559,2,12
2560,16,2
2564,173,123
2568,4,3
2569,0,0
2570,13,10
2574,0,1
2583,14,21
2584,13,11
2586,14,39
2593,1,0
2598,137,56
2599,7,3
2600,43,30
2601,32,44
2602,19,37
2603,317,1
2604,6,2
2605,0,3
2606,68,272
2607,93,44
2609,21,35
2610,0,0
2612,15,20
2613,37,22
2614,27,43
2617,2,3
2619,51,93
2620,14,0
2621,86,50
2622,0,0
2623,0,0
2626,3,6
2631,44,71
2633,0,0
2634,0,0
2635,4,10
2637,36,2
2639,162,11
2640,66,1
2642,58,25
2643,0,0
2644,410,4
2646,0,0
2647,61,54
2648,77,70
2649,73,215
2650,4,0
2651,1,3
2652,45,12
2653,304,79
2655,0,0
2656,38,78
2657,0,0
2660,0,0
2664,0,0
2665,9,5
2666,11,13
2670,0,0
2676,247,140
2683,74,70
2686,32,2
2687,0,0
2688,26,38
2689,94,89
2695,0,0
2697,1,1
2698,11,7
2701,65,23
2703,12,110
2704,313,321
2705,501,233
2707,22,15
2709,0,0
2710,0,0
2711,22,12
2716,0,0
2719,0,48
2720,26,24
2721,0,0
2722,0,0
2730,2,1
2735,10,123
2736,2,4
2737,1,0
2739,3,3
2740,1,1
2742,0,0
2743,61,21
2746,45,14
2747,29,15
2748,36,88
2749,20,16
2750,72,68
2751,4,7
2752,1,1
2753,6,0
2756,54,110
2759,47,26
2760,22,15
2761,28,100
2763,31,0
2764,50,0
2770,165,77
2773,106,47
2774,11,80
2775,2,72
2776,30,15
2779,45,76
2780,26,11
2782,0,0
2784,0,0
2785,165,21
2791,0,1
2792,94,171
2793,41,9
2794,10,5
2795,8,8
2796,0,0
2798,0,0
2799,45,0
2800,700,21
2802,0,0
2803,3,1
2804,0,0
2807,57,83
2808,0,0
2810,30,60
2811,19,137
2814,17,4
2815,173,181
2816,198,183
2819,66,63
2821,20,26
2822,148,26
2824,19,6
2826,692,44
2827,14,8
2828,87,52
2829,0,3
2830,38,22
2840,16,18
2841,10,7
2842,0,0
2843,6,3
2844,4,2
2845,35,17
2847,0,0
2850,64,21
2851,418,596
2854,0,0
2855,374,533
2858,167,142
2859,0,0
2860,169,140
2861,0,0
2862,95,43
2863,133,139
2864,156,159
2865,350,446
2866,376,535
2868,50,23
2869,87,37
2870,5,78
2871,68,67
2873,0,0
2874,148,77
2875,173,147
2876,0,0
2877,191,208
2878,281,298
2879,191,212
2881,163,134
2882,408,300
2883,2,41
2884,432,348
2885,147,589
2886,13,3
2889,0,0
2890,24,17
2894,6,2
2895,19,156
2896,17,11
2897,19,0
2899,0,0
2905,47,111
2916,85,47
2917,138,18
2918,246,41
2919,242,254
2920,18,167
2921,32,9
2922,380,325
2923,159,210
2924,145,107
2925,78,74
2926,93,57
2927,96,58
2928,10,4
2929,121,178
2930,16,10
2931,0,0
2933,39,48
2934,0,0
2935,34,73
2938,101,64
2939,5,8
2941,75,40
2943,14,131
2944,241,19
2945,385,24
2946,55,52
2947,0,69
2948,293,18
2951,18,29
2952,22,32
2953,0,108
2954,47,56
2955,0,0
2956,154,115
2957,0,0
2959,169,15
2960,555,17
2961,0,0
2962,71,25
2963,0,0
2967,23,4
2968,3,8
2970,76,56
2972,0,0
2973,83,107
2974,0,0
2975,188,107
2976,0,0
2977,205,95
2978,124,81
2981,196,106
2984,135,70
2985,126,60
2987,72,51
2988,30,65
2989,28,60
2990,425,244
2991,43,62
2992,61,101
2993,96,53
2994,32,21
2996,364,105
2997,38,7
3000,94,88
3001,44,29
3002,469,109
3003,14,2
3004,9,23
3005,104,244
3009,23,27
3014,1,8
3015,1,8
3017,104,78
3018,0,0
3020,241,117
3021,35,5
3022,34,45
3023,69,53
3024,46,29
3026,0,0
3027,24,4
3029,18,4
3031,183,123
3033,514,660
3035,443,120
3036,0,179
3042,61,35
3049,35,95
3050,28,25
3051,123,151
3053,0,0
3054,134,49
3057,3,0
3058,0,0
3059,133,70
3060,97,165
3061,92,53
3063,102,85
3064,29,9
3065,20,68
3066,108,76
3067,61,70
3068,42,72
3069,55,65
3070,110,81
3071,227,131
3072,228,122
3073,10,8
3074,9,85
3075,156,5
3076,100,37
3077,0,23
3078,158,10
3079,13,8
3080,137,6
3081,112,22
3082,7,44
3083,61,48
3084,19,67
3085,0,149
3086,304,85
3087,21,71
3088,201,167
3089,221,452
3090,31,28
3091,40,32
3092,65,176
3093,0,0
3095,67,52
3096,64,105
3097,0,0
3099,41,10
3100,160,269
3101,63,18
3102,42,40
3103,168,221
3105,176,229
3106,178,210
3107,27,32
3108,88,110
3109,69,35
3111,6,11
3112,40,11
3113,67,198
3114,191,155
3115,7,5
3117,26,11
3118,20,15
3119,2,5
3120,30,76
3121,0,0
3122,115,104
3123,294,144
3126,275,132
3127,82,49
3129,244,114
3131,28,14
3132,827,67
3133,0,30
3134,0,36
3135,14,17
3136,855,68
3137,0,28
3138,106,84
3142,0,0
3143,73,148
3146,135,116
3147,165,141
3148,162,127
3150,62,119
3151,12,5
3152,6,14
3155,105,123
3156,54,113
3157,30,100
3158,112,98
3159,20,33
3160,207,259
3161,162,157
3162,194,188
3163,0,0
3164,9,27
3165,84,70
3166,29,25
3167,1,1
3168,96,65
3169,24,35
3170,20,17
3171,25,16
3172,3,2
3173,2,3
3174,7,81
3175,16,13
3176,3,80
3177,21,8
3178,1,3
3179,40,27
3181,7,88
3184,17,159
3185,2,74
3187,77,91
3188,116,149
3190,11,68
3191,0,101
3192,1,114
3194,0,0
3196,11,77
3198,26,30
3200,0,0
3201,219,400
3202,6,3
3203,2,0
3204,31,75
3206,16,20
3208,3,7
3209,4,2
3211,4,1
3212,5,14
3214,108,151
3216,7,12
3217,9,3
3218,60,36
3220,52,40
3221,81,41
3222,126,143
3223,57,44
3224,103,91
3225,81,84
3226,13,16
3227,50,36
3228,187,42
3229,162,285
3230,159,67
3231,139,78
3232,145,5
3233,111,7
3238,67,72
3239,66,46
3240,89,47
3241,38,85
3242,107,39
3243,543,72
3244,87,23
3245,107,97
3246,69,123
3247,2,8
3248,32,10
3250,17,48
3251,103,22
3252,83,124
3253,97,140
3254,1,25
3255,18,17
3257,20,11
3258,39,3
3262,17,18
3265,78,10
3267,0,22
3268,6,68
3269,5,3
3270,13,2
3272,4,15
3273,0,0
3274,0,0
3275,49,36
3277,34,41
3278,7,47
3279,13,35
3280,23,30
3281,48,24
3282,40,36
3283,24,12
3284,0,14
3285,0,19
3286,6,1
3287,2,1
3289,23,40
3290,1,4
3291,60,53
3292,0,0
3293,56,33
3294,80,131
3295,4,71
3296,26,89
3297,29,13
3298,12,2
3299,8,2
3300,4,5
3301,6,4
3310,30,21
3311,16,17
3312,24,21
3313,0,0
3316,9,11
3318,60,20
3319,13,2
3320,78,26
3321,177,70
3322,6,129
3323,96,124
3324,72,113
3325,149,46
3326,9,21
3328,15,15
3329,0,32
3330,24,5
3331,5,7
3333,0,0
3334,12,107
3335,0,0
3338,0,0
3341,0,1
3342,2,1
3343,10,68
3345,95,134
3346,78,31
3347,60,178
3352,37,20
3353,152,79
3359,0,0
3360,22,7
3364,16,19
3365,15,9
3366,16,10
3369,0,0
3372,9,36
3373,33,278
3378,0,0
3379,0,0
3380,8,23
3387,8,2
3388,157,150
3391,0,0
3393,14,1
3394,157,401
3395,18,75
3396,18,41
3397,12,11
3398,14,43
3399,51,176
3400,33,49
3401,8,15
3402,45,74
3403,4,18
3404,58,49
3405,190,17
3406,31,33
3408,59,207
3413,7,6
3415,3,15
3416,125,65
3417,110,160
3418,3,0
3419,12,26
3420,55,61
3421,60,58
3422,7,8
3423,11,21
3424,35,54
3425,33,52
3426,3,2
3431,123,101
3432,126,131
3433,14,51
3434,0,0
3435,14,40
3436,0,0
3437,61,13
3438,0,0
3439,85,162
3440,3,1
3442,174,69
3443,45,74
3444,24,5
3445,17,33
3446,15,18
3447,28,63
3448,24,39
3449,18,14
3451,2,6
3452,23,73
3454,13,7
3455,52,0
3456,57,68
3457,19,15
3459,12,9
3461,46,2
3462,210,13
3463,27,41
3464,22,13
3465,25,17
3466,34,39
3467,0,0
3468,26,13
3470,4,72
3471,0,95
3472,246,43
3473,28,42
3474,18,15
3475,8,11
3476,0,15
3477,24,26
3478,6,15
3479,25,20
3480,22,19
3481,10,3
3482,24,4
3483,30,50
3484,30,8
3485,221,217
3486,1,6
3487,3,1
3488,97,50
3490,47,55
3491,0,0
3492,1,13
3493,140,106
3494,5,10
3495,130,142
3497,5,18
3498,8,4
3500,17,9
3501,39,73
3502,60,17
3503,55,21
3504,50,13
3505,4,6
3506,0,0
3507,3,19
3508,5,5
3509,15,40
3510,6,66
3511,30,107
3512,9,21
3513,2,46
3514,2,15
3515,104,50
3516,21,9
3517,12,0
3518,0,3
3522,80,0
3523,74,0
3524,65,7
3525,12,22
3526,21,0
3527,67,73
3528,98,75
3529,19,57
3530,35,18
3531,104,60
3532,713,11
3533,44,28
3535,34,38
3536,5,5
3537,8,13
3538,122,62
3539,20,27
3540,5,11
3541,34,43
3542,31,49
3543,98,94
3544,33,25
3545,44,96
3546,82,42
3547,124,30
3548,30,21
3549,45,81
3550,34,6
3551,6,7
3552,20,22
3553,7,12
3554,44,11
3556,231,20
3557,43,24
3558,1,0
3559,151,79
3560,136,45
3561,14,11
3562,27,48
3563,217,77
3564,29,127
3565,42,23
3566,4,43
3567,20,0
3569,14,11
3570,61,22
3571,49,22
3572,45,38
3573,114,87
3574,0,12
3576,87,11
3577,8,13
3578,15,3
3579,130,82
3581,0,3
3582,127,87
3583,7,8
3584,1,15
3586,6,0
3589,42,27
3590,100,73
3592,69,38
3593,88,43
3595,0,0
3596,76,12
3597,27,32
3598,49,72
3599,232,572
3600,66,68
3601,34,25
3604,14,29
3605,95,110
3607,9,16
3610,105,98
3611,138,88
3613,10,2
3614,0,0
3615,0,0
3616,6,113
3617,0,5
3619,3,2
3621,9,6
3622,2,3
3623,37,42
3624,3,12
3627,18,51
3628,12,20
3629,45,51
3631,4,7
3632,27,32
3633,26,55
3634,13,9
3635,242,297
3636,0,0
3637,94,77
3638,10,2
3640,0,0
3641,8,20
3642,26,17
3644,2,6
3647,14,2
3648,1,1
3649,10,46
3650,57,87
3651,55,140
3652,149,91
3653,37,19
3654,2,4
3656,9,4
3658,6,11
3659,52,64
3661,32,73
3662,0,0
3666,35,120
3667,0,1
3668,19,0
3669,0,0
3670,82,59
3671,101,58
3672,43,17
3673,9,3
3675,3,388
3676,3,422
3677,8,0
3678,0,3
3679,2,26
3681,0,9
3682,0,1
3683,80,36
3684,5,5
3685,0,0
3686,198,241
3687,0,0
3688,0,4
3689,0,0
3690,43,96
3691,2,5
3692,168,110
3694,19,31
3695,10,19
3696,198,246
3697,24,49
3698,37,145
3699,45,15
3701,53,13
3702,87,80
3703,242,28
3705,634,438
3709,6,23
3711,132,89
3712,5,9
3713,1,2
3714,10,11
3716,13,8
3717,170,108
3718,17,50
3719,51,59
3720,19,49
3721,14,41
3722,94,45
3724,17,7
3725,1,4
3726,67,20
3727,0,0
3729,34,24
3730,7,9
3732,284,4
3733,175,178
3734,429,20
3735,20,54
3736,8,71
3737,4,19
3738,0,3
3740,193,79
3741,37,8
3742,0,1
3743,64,49
3744,177,145
3745,109,93
3746,0,0
3747,0,0
3750,43,2
3751,25,3
3752,23,16
3753,7,1
3754,7,7
3755,16,45
3757,30,54
3758,40,33
3759,2,44
3760,236,97
3761,56,59
3762,133,275
3763,119,221
3764,41,22
3765,500,15
3766,160,100
3768,17,3
3769,5,3
3771,27,19
3773,43,112
3774,6,410
3775,178,145
3778,91,95
3779,121,27
3780,24,54
3781,45,39
3782,183,211
3783,38,17
3785,7,6
3789,0,0
3793,2,13
3794,9,19
3796,627,39
3797,832,27
3798,153,69
3801,321,68
3802,23,12
3803,74,10
3804,40,3
3805,146,232
3806,92,61
3808,53,17
3809,29,25
3810,28,7
3811,55,148
3812,9,109
3813,94,58
3814,141,117
3815,163,58
3816,3,111
3817,13,1
3818,2,82
3819,29,51
3820,8,18
3821,16,166
3822,0,8
3823,80,50
3824,110,213
3825,142,53
3826,32,2
3827,53,41
3828,30,32
3829,80,67
3830,0,4
3832,134,234
3833,692,38
3835,540,48
3836,12,7
3837,69,6
3838,0,0
3839,34,31
3840,70,20
3841,29,25
3842,256,90
3843,16,94
3846,1,39
3847,103,79
3848,73,101
3849,40,24
3850,2,51
3851,194,141
3852,51,193
3853,5,45
3854,599,41
3855,225,72
3856,4,6
3857,67,39
3858,14,22
3859,10,84
3861,3,65
3862,21,11
3863,42,20
3864,0,0
3865,64,11
3866,50,8
3867,163,16
3870,70,62
3871,522,75
3872,0,8
3873,0,0
3875,3,0
3877,0,0
3878,788,8
3879,528,7
3880,67,127
3882,91,55
3883,109,89
3885,0,49
3886,187,125
3887,120,94
3889,42,33
3890,82,74
3891,47,32
3892,90,77
3893,31,32
3894,105,179
3895,60,36
3896,50,88
3897,1,9
3898,0,0
3902,21,27
3903,15,12
3904,18,14
3905,51,21
3906,28,14
3907,27,10
3908,244,272
3909,34,11
3910,285,24
3911,93,68
3912,46,23
3913,97,92
3914,3,3
3915,1,1
3916,9,13
3917,0,3
3918,5,11
3919,30,24
3920,24,13
3921,59,7
3922,19,22
3923,21,21
3924,0,6
3927,59,48
3928,66,64
3929,0,0
3930,23,29
3931,83,117
3932,286,4
3933,90,116
3934,158,134
3936,63,76
3938,37,33
3939,61,39
3940,13,82
3941,40,59
3943,9,7
3944,174,148
3945,221,295
3948,20,34
3949,2,2
3950,0,4
3951,28,26
3953,11,2
3954,67,36
3955,72,37
3956,17,13
3957,0,0
3959,16,3
3960,70,3
3963,0,23
3964,123,81
3965,39,11
3966,5,1
3967,389,31
3968,2,8
3969,95,104
3970,78,38
3971,0,23
3972,18,24
3974,18,22
3975,87,58
3976,90,64
3977,99,119
3978,11,0
3980,5,37
3981,80,36
3983,95,120
3984,3,1
3985,127,99
3986,513,4
3987,9,3
3989,558,17
3990,6,5
3992,1,32
3993,2,0
3996,14,11
3999,37,81
4000,38,22
4001,28,203
4002,146,152
4003,78,79
4005,44,74
4006,12,13
4007,0,0
4008,0,0
4010,20,21
4011,86,55
4012,115,24
4016,7,5
4017,86,73
4018,31,90
4019,7,2
4020,29,15
4021,16,9
4022,32,18
4023,126,73
4024,0,160
4025,50,125
4026,13,70
4028,7,15
4029,6,8
4031,134,117
4032,137,4
4033,5,9
4035,6,4
4036,0,0
4037,4,6
4038,54,29
4039,21,0
4040,0,0
4042,10,15
4043,26,8
4044,22,8
4045,0,0
4046,6,4
4047,4,1
4049,0,0
4054,51,4
4055,34,18
4056,202,2
4058,57,50
4059,8,2
4060,88,75
4061,53,7
4063,45,32
4064,46,18
4065,11,10
4068,20,6
4070,49,46
4072,2,9
4073,4,63
4075,12,11
4076,0,1
4077,2,0
4078,0,2
4079,0,4
4080,0,0
4081,2,2
4083,107,148
4084,1,4
4085,7,15
4086,0,0
4087,0,3
4088,2,6
4089,121,65
4090,20,23
4091,116,66
4092,0,0
4093,71,29
4094,1,59
4095,26,148
4097,92,91
4098,6,7
4099,67,89
4100,7,0
4103,0,0
4104,9,0
4106,0,0
4109,25,13
4110,62,47
4111,0,0
4112,29,21
4114,21,9
4115,54,25
4116,19,16
4118,0,11
4119,368,6
4120,0,0
4121,62,18
4122,21,21
4124,22,10
4125,15,6
4126,108,187
4127,16,6
4128,360,57
4129,212,73
4130,43,26
4131,122,31
4132,2,1
4135,53,18
4136,0,0
4137,48,13
4140,71,79
4141,222,140
4142,418,207
4144,156,100
4145,16,40
4146,98,46
4148,74,14
4149,46,10
4150,60,12
4151,9,17
4152,10,9
4153,20,17
4154,4,0
4156,17,12
4157,68,21
4158,26,64
4159,496,59
4160,26,12
4162,124,164
4165,692,7
4166,342,164
4167,68,13
4168,78,59
4169,0,0
4171,57,38
4172,38,61
4173,55,122
4174,55,28
4175,12,8
4177,21,8
4178,80,0
4179,221,3
4180,9,3
4181,72,140
4182,46,37
4184,0,4
4185,149,54
4189,6,2
4191,14,6
4194,0,0
4197,2,6
4202,0,0
4203,343,45
4205,58,73
4206,40,39
4207,17,13
4208,15,11
4209,1,20
4210,0,25
4211,0,3
4212,156,0
4213,340,1
4214,0,0
4217,24,8
4220,2,0
4221,53,8
4222,126,14
4223,0,0
4224,37,189
4226,230,16
4227,138,46
4228,89,47
4229,15,4
4232,128,142
4236,30,10
4237,540,28
4238,92,63
4239,64,25
4240,92,45
4241,6,12
4242,10,2
4243,17,8
4244,104,0
4246,4,8
4248,24,12
4249,15,16
4251,15,18
4252,33,26
4253,104,81
4255,35,26
4257,10,5
4258,77,64
4259,0,1
4261,408,4
4264,11,0
4265,6,0
4266,10,0
4267,290,2
4268,58,0
4271,116,2
4272,81,0
4273,14,0
4274,117,0
4277,9,56
4278,0,33
4280,55,39
4281,64,89
4282,93,141
4283,82,44
4287,30,108
4288,5,49
4289,4,60
4290,0,169
4291,62,96
4292,46,30
4293,89,97
4294,32,53
4295,13,21
4296,55,44
4297,57,65
4298,138,56
4299,209,111
4300,115,130
4301,98,114
4302,101,49
4303,170,57
4304,25,69
4305,28,18
4306,33,22
4307,0,0
4308,7,11
4310,12,3
4311,69,133
4312,90,64
4314,10,0
4317,43,5
4318,0,0
4319,0,0
4322,0,0
4323,0,0
4324,35,14
4325,42,13
4326,7,4
4327,0,0
4328,6,1
4330,0,0
4332,22,7
4333,13,5
4334,6,13
4336,0,0
4337,8,94
4341,15,22
4343,19,6
4344,148,356
4345,110,118
4346,5,25
4347,44,0
4348,0,0
4349,0,38
4350,49,39
4351,3,4
4352,12,6
4353,0,0
4354,69,10
4356,144,71
4358,25,8
4359,51,68
4362,1,3
4363,0,0
4364,20,2
4365,96,74
4366,32,17
4367,24,7
4369,74,8
4372,7,5
4373,70,24
4374,48,82
4375,10,12
4377,207,260
4378,10,3
4379,37,24
4380,9,42
4381,76,26
4382,39,16
4383,173,18
4389,55,2
4390,11,0
4391,21,2
4392,1,0
4393,1,9
4394,6,0
4395,0,0
4396,2,0
4398,5,5
4399,0,0
4400,2,65
4402,32,36
4403,162,72
4404,140,63
4405,0,2
4406,142,173
4408,23,28
4410,178,0
4411,8,0
4412,8,0
4414,4,8
4415,189,96
4416,113,36
4417,265,177
4418,57,114
4419,178,189
4421,43,7
4422,108,83
4423,43,26
4424,81,102
4429,176,132
4430,45,21
4432,82,126
4434,13,11
4435,66,55
4436,60,27
4437,50,13
4438,0,0
4439,137,76
4440,215,5
4441,0,0
4444,16,55
4445,21,12
4446,2,6
4449,17,11
4452,14,57
4461,0,0
4462,21,6
4467,0,0
4468,115,86
4469,122,64
4470,0,0
4471,62,10
4472,12,59
4474,11,3
4475,21,17
4478,12,6
4479,2,2
4480,22,35
4482,21,22
4483,11,5
4485,822,14
4486,81,40
4487,52,30
4491,30,77
4492,54,22
4494,13,31
4495,6,10
4496,9,5
4497,3,3
4498,1,1
4499,4,2
4500,14,25
4501,7,12
4502,0,11
4503,57,41
4504,7,0
4506,3,7
4507,9,38
4508,0,0
4510,15,2
4511,84,67
4513,10,2
4514,16,0
4515,0,7
4516,10,0
4517,0,4
4520,12,12
4522,64,28
4524,190,130
4525,219,28
4528,45,20
4529,27,30
4530,0,0
4531,0,0
4532,31,72
4533,84,35
4534,0,0
4535,0,0
4536,161,127
4538,35,28
4540,6,9
4541,52,43
4542,0,0
4543,0,0
4544,11,11
4546,0,0
4547,2,2
4548,59,51
4552,9,6
4555,84,190
4556,728,21
4557,57,35
4559,1,0
4565,214,141
4569,0,0
4570,0,50
4571,142,141
4572,125,1
4574,832,48
4575,22,31
4576,14,11
4577,7,7
4578,0,13
4579,2,0
4580,6,4
4581,0,6
4583,91,171
4586,19,12
4589,57,25
4590,7,8
4592,21,0
4595,68,0
4596,0,0
4597,35,12
4600,0,2
4601,0,0
4606,15,22
4611,30,50
4612,23,56
4613,0,1
4615,15,0
4618,199,97
4620,6,6
4621,11,55
4622,114,55
4623,226,22
4624,28,65
4629,104,93
4631,80,61
4634,0,0
4637,11,5
4638,4,2
4639,13,65
4640,48,24
4645,7,74
4647,26,139
4651,1,1
4652,0,0
4653,32,17
4654,117,109
4655,49,120
4656,25,105
4657,56,88
4658,90,163
4659,35,139
4660,67,256
4661,19,22
4663,35,0
4667,0,0
4668,8,2
4669,67,40
4670,48,41
4673,93,62
4674,20,11
4677,44,65
4678,178,130
4679,22,21
4682,153,38
4684,190,37
4686,78,98
4692,34,12
4697,143,61
4699,32,69
4700,100,90
4701,18,27
4702,331,348
4703,12,14
4705,62,32
4706,189,181
4707,17,65
4708,0,50
4709,454,45
4710,581,46
4712,50,49
4713,34,96
4714,165,122
4715,31,24
4716,10,31
4717,15,29
4718,52,13
4719,158,65
4720,203,157
4722,0,2
4723,0,10
4724,31,11
4725,91,8
4726,2,18
4727,19,13
4728,0,0
4729,0,0
4732,0,8
4733,0,0
4734,72,89
4735,104,54
4736,135,106
4738,41,39
4740,77,35
4741,80,56
4742,92,44
4743,38,33
4745,91,40
4747,10,47
4748,13,6
4749,9,20
4750,62,14
4751,53,35
4752,51,28
4754,15,79
4755,49,50
4757,8,7
4758,73,33
4759,83,94
4760,9,59
4761,56,21
4762,7,14
4763,320,126
4764,34,20
4765,20,42
4766,55,17
4768,18,29
4769,12,10
4770,28,25
4771,34,30
4773,33,37
4776,17,8
4777,10,0
4778,20,15
4779,123,80
4780,86,11
4782,34,24
4784,55,19
4785,91,62
4786,12,10
4787,76,218
4788,46,27
4791,0,0
4792,2,4
4793,25,1
4794,39,47
4795,45,38
4799,0,7
4800,83,38
4801,95,81
4803,61,49
4804,53,23
4805,40,41
4806,19,9
4807,0,0
4808,10,8
4812,5,98
4813,10,70
4814,13,12
4815,2,68
4816,48,74
4817,62,17
4819,0,0
4821,142,11
4824,73,59
4826,10,5
4829,10,12
4830,442,570
4831,28,141
4833,241,439
4834,59,58
4835,42,214
4836,18,32
4837,2,48
4838,50,33
4839,17,20
4840,17,125
4842,29,51
4843,0,0
4844,4,4
4846,9,11
4847,156,201
4848,3,17
4849,266,24
4850,9,9
4851,86,91
4852,0,0
4853,203,56
4855,0,0
4857,39,16
4858,57,36
4860,19,40
4861,32,30
4862,25,13
4863,135,206
4864,11,6
4866,25,81
4868,75,17
4869,40,2
4870,5,70
4871,7,3
4872,161,94
4873,50,6
4874,6,35
4875,46,19
4876,21,6
4877,13,13
4878,33,27
4879,132,117
4880,18,11
4882,35,5
4883,0,56
4884,1,3
4885,20,50
4886,45,10
4887,44,32
4888,67,16
4889,0,6
4890,17,66
4891,29,17
4892,113,10
4893,8,3
4894,0,9
4895,27,7
4896,2,0
4897,0,0
4898,19,4
4899,150,100
4900,68,179
4901,54,54
4902,49,76
4903,27,11
4904,16,5
4905,0,0
4906,8,0
4907,26,10
4908,1,4
4909,19,6
4910,34,22
4911,40,11
4913,121,117
4914,25,22
4915,78,35
4916,39,23
4917,15,26
4918,100,76
4919,51,31
4920,23,22
4922,32,38
4924,24,18
4925,17,47
4926,96,55
4927,45,96
4928,47,14
4929,8,15
4930,3,5
4931,28,6
4932,0,103
4933,18,15
4934,15,5
4935,8,23
4936,27,69
4937,12,2
4938,30,34
4939,28,17
4940,28,20
4941,0,0
4942,97,118
4943,61,44
4944,8,25
4946,3,1
4947,9,6
4948,15,13
4949,51,8
4950,120,130
4952,0,9
4953,48,66
4954,50,42
4956,451,252
4957,478,36
4958,45,9
4959,8,4
4961,0,4
4962,1,22
4963,38,27
4964,60,9
4965,44,34
4966,48,20
4967,53,34
4968,6,2
4969,7,1
4970,176,5
4971,0,0
4972,49,41
4973,13,7
4974,12,11
4975,65,14
4976,1,11
4977,479,6
4978,9,4
4979,0,6
4980,5,2
4981,150,70
4982,0,40
4983,0,0
4985,20,29
4986,35,1
4987,23,6
4988,32,18
4989,12,3
4990,12,7
4991,20,5
4992,0,0
4993,287,19
4994,10,13
4995,25,8
4996,70,49
4998,29,19
5001,12,2
5002,22,9
5003,802,75
5004,36,287
5006,101,77
5007,57,43
5008,31,14
5009,53,44
5010,280,102
5011,12,2
5013,16,2
5014,28,12
5015,364,76
5016,2,4
5017,3,11
5018,51,42
5019,36,22
5020,0,0
5021,13,97
5022,10,82
5023,36,17
5024,56,7
5025,2,2
5026,171,45
5028,0,0
5029,316,257
5030,74,74
5031,55,82
5032,28,70
5033,32,47
5034,0,0
5035,0,0
5036,6,44
5038,21,10
5039,503,127
5040,13,125
5044,6,3
5045,46,87
5046,40,40
5049,65,25
5050,1,8
5051,185,95
5053,85,44
5054,6,55
5055,126,186
5056,9,4
5058,6,7
5059,4,3
5061,238,65
5062,28,28
5063,29,10
5064,116,39
5066,0,0
5067,0,0
5070,6,6
5071,14,45
5072,0,0
5073,4,8
5074,52,70
5076,12,7
5077,34,18
5079,89,114
5081,17,28
5082,18,5
5083,68,7
5086,111,44
5088,45,110
5089,48,24
5091,20,9
5092,17,27
5094,0,0
5095,69,42
5096,177,141
5097,5,6
5098,33,21
5099,13,5
5100,60,48
5102,27,118
5104,21,15
5106,7,3
5109,21,15
5110,82,25
5111,0,0
5112,5,0
5113,49,7
5114,45,50
5115,10,6
5116,27,26
5117,32,10
5118,73,27
5119,0,10
5120,3,49
5121,0,0
5122,55,53
5123,16,53
5124,0,1
5125,0,0
5127,5,2
5129,28,10
5130,249,285
5133,9,8
5134,6,1
5135,148,87
5136,69,36
5137,42,32
5138,11,5
5141,55,81
5142,79,80
5143,0,0
5145,19,7
5146,4,4
5147,0,0
5148,0,0
5149,78,38
5150,15,9
5152,66,124
5153,373,79
5154,15,51
5155,0,0
5156,110,80
5158,44,52
5159,0,0
5162,0,0
5163,128,10
5164,45,15
5167,387,30
5168,13,8
5171,4,0
5172,5,2
5173,48,5
5174,9,9
5175,7,6
5176,17,6
5177,8,2
5178,0,0
5181,29,20
5183,6,35
5185,215,406
5186,45,61
5187,47,15
5188,79,8
5189,0,0
5192,0,0
5193,57,73
5194,73,59
5195,221,187
5202,13,27
5203,21,23
5204,2,3
5205,85,2
5207,117,20
5208,13,30
5209,89,16
5210,0,0
5214,125,13
5217,131,32
5218,102,18
5219,64,6
5220,0,0
5221,0,0
5223,6,55
5224,16,8
5225,247,127
5226,146,75
5227,9,7
5228,74,163
5229,157,367
5230,36,236
5231,4,0
5232,12,2
5233,24,16
5234,26,19
5235,3,4
5236,0,0
5237,51,36
5238,169,171
5239,114,146
5240,17,6
5241,2,4
5242,0,0
5243,43,48
5244,36,29
5245,43,105
5246,37,62
5247,6,0
5248,4,15
5249,33,34
5251,37,27
5252,0,0
5257,7,17
5258,60,44
5261,39,15
5262,31,21
5265,31,0
5269,11,5
5276,15,12
5284,10,1
5285,11,5
5286,50,37
5287,792,33
5288,0,0
5289,22,6
5290,51,34
5292,87,92
5295,19,13
5296,6,5
5297,30,9
5305,144,52
5312,19,4
5314,5,3
5315,20,0
5317,2,1
5318,15,0
5319,0,3
5323,0,0
5324,0,0
5325,0,0
5326,0,0
5327,0,0
5328,62,36
5329,55,29
5330,68,47
5336,28,14
5337,1,2
5338,0,1
5340,272,188
5343,0,24
5344,71,141
5345,5,4
5353,51,2
5354,45,654
5358,63,24
5359,19,12
5364,17,0
5367,31,12
5369,24,0
5371,21,10
5372,0,0
5374,0,0
5376,52,7
5377,0,0
5378,33,48
5379,76,17
5380,284,84
5386,12,5
5390,0,0
5391,97,20
5392,28,9
5395,0,0
5399,38,45
5402,2,0
5403,0,20
5404,4,4
5408,0,0
5410,11,9
5413,0,60
5414,521,16
5415,0,0
5418,52,53
5419,119,41
5422,8,2
5423,12,2
5424,15,4
5425,19,13
5426,20,0
5427,17,61
5428,23,16
5429,22,0
5430,2,0
5431,2,3
5432,3,3
5433,12,14
5434,13,10
5435,0,0
5436,0,0
5437,8,0
5442,2,1
5443,10,4
5444,3,8
5445,39,21
5446,2,4
5447,4,0
5448,2,5
5453,171,2
5454,18,0
5455,35,38
5458,3,2
5459,18,112
5460,0,0
5461,0,0
5462,65,11
5463,19,40
5464,16,6
5465,0,0
5467,7,5
5468,44,34
5469,13,8
5470,0,0
5471,18,1
5472,12,18
5473,0,0
5476,93,52
5477,38,3
5480,1,1
5482,562,85
5489,151,0
5490,50,4
5491,230,189
5493,5,14
5495,0,0
5496,0,0
5499,28,19
5510,64,64
5514,181,186
5515,0,119
5516,19,9
5517,26,7
5519,0,0
5520,106,58
5521,632,229
5524,0,0
5525,32,37
5527,0,0
5528,65,28
5529,4,4
5530,10,6
5531,560,57
5533,10,5
5534,0,0
5538,0,0
5543,66,10
5544,0,1
5546,34,21
5548,5,11
5551,64,7
5552,0,0
5554,127,60
5555,0,0
5559,47,45
5560,34,96
5565,75,37
5566,0,0
5567,0,0
5569,82,157
5570,0,0
5571,10,132
5572,22,14
5577,161,69
5580,0,0
5581,1,3
5583,5,39
5584,6,94
5585,97,238
5587,48,79
5588,98,103
5589,10,6
5591,59,31
5592,0,4
5595,179,48
5598,22,40
5599,49,117
5603,0,0
5606,0,0
5607,145,18
5608,0,0
5610,49,7
5611,41,39
5612,32,23
5614,41,19
5615,70,81
5616,4,7
5617,0,0
5618,48,4
5619,36,18
5623,0,0
5624,13,11
5626,11,43
5628,0,0
5629,164,35
5630,34,11
5631,41,13
5635,210,9
5637,14,12
5638,52,39
5639,123,132
5640,35,52
5641,88,66
5644,136,0
5645,5,66
5646,85,53
5647,29,29
5648,4,1
5649,15,7
5650,61,40
5651,36,23
5652,18,36
5653,38,17
5654,1,6
5655,3,1
5656,6,2
5657,166,168
5658,10,8
5659,14,15
5660,176,100
5661,116,97
5662,18,12
5663,15,15
5664,0,8
5665,29,15
5666,101,136
5667,50,17
5668,0,7
5669,109,152
5670,7,3
5671,9,9
5672,33,37
5673,112,44
5674,163,20
5675,22,21
5676,9,3
5677,0,0
5678,97,57
5679,27,19
5680,4,3
5681,7,3
5682,0,0
5683,39,68
5684,61,23
5685,54,39
5686,11,12
5687,30,19
5689,99,166
5691,88,74
5692,54,290
5693,13,5
5695,31,12
5696,165,62
5700,95,53
5701,11,17
5702,44,221
5704,0,0
5706,113,70
5707,1,1
5709,0,0
5710,20,55
5711,6,3
5714,0,2
5716,203,16
5718,12,64
5719,23,36
5720,38,27
5722,22,8
5723,23,8
5725,129,84
5726,11,45
5727,57,76
5728,68,43
5729,127,67
5730,31,49
5731,0,0
5733,127,33
5734,166,27
5736,59,78
5737,43,22
5738,83,119
5739,65,86
5740,36,85
5741,38,68
5743,66,74
5745,0,0
5746,38,20
5747,106,34
5748,129,83
5750,103,65
5751,0,0
5752,97,92
5753,263,253
5754,83,560
5755,84,128
5756,35,40
5757,6,4
5759,60,27
5763,41,9
5764,35,21
5765,31,2
5768,65,60
5770,29,20
5771,8,4
5774,76,50
5775,0,0
5776,24,0
5777,71,1
5779,8,0
5781,4,7
5782,159,0
5786,0,0
5787,0,2
5788,43,38
5791,121,26
5792,43,26
5793,44,26
5794,173,30
5795,160,15
5796,128,8
5797,71,21
5799,2,0
5800,6,3
5804,44,47
5805,88,61
5806,0,0
5807,234,208
5808,182,14
5809,16,14
5811,206,122
5812,82,61
5813,65,38
5814,38,12
5818,5,0
5819,17,25
5820,92,22
5822,128,73
5824,162,70
5825,95,51
5826,8,0
5831,109,190
5832,131,165
5833,98,167
5834,154,205
5837,4,0
5838,0,0
5839,0,0
5841,8,12
5842,93,67
5844,7,0
5845,4,0
5848,49,33
5849,0,0
5850,2,0
5851,17,0
5852,79,0
5854,12,4
5855,31,0
5856,38,0
5858,4,177
5866,42,32
5868,132,59
5871,51,10
5872,68,35
5876,13,0
5877,10,0
5878,2,0
5879,1,1
5880,48,42
5881,47,20
5882,11,2
5883,129,57
5884,0,0
5885,15,38
5886,0,3
5889,84,129
5890,66,27
5892,121,43
5897,0,0
5899,53,39
5901,7,2
5902,14,21
5903,14,16
5904,5,0
5905,2,1
5906,5,2
5907,3,7
5908,23,11
5909,0,0
5910,2,17
5911,2,2
5912,2,4
5913,18,11
5914,0,0
5915,32,8
5920,146,160
5921,33,12
5923,49,10
5925,0,0
5926,33,13
5927,276,13
5928,14,2
5931,27,11
5932,8,6
5941,0,0
5942,87,101
5943,306,223
5944,443,77
5945,140,129
5946,106,10
5947,157,70
5949,87,19
5953,125,59
5954,157,93
5955,19,21
5956,20,15
5957,153,190
5958,19,15
5960,0,1
5961,35,30
5962,703,663
5963,145,61
5964,31,122
5965,464,124
5966,0,5
5967,91,172
5968,63,70
5972,523,7
5973,153,88
5974,45,9
5975,252,293
5976,210,143
5981,53,306
5985,0,0
5986,45,5
5987,917,111
5988,2,0
5990,53,13
5991,94,41
5992,14,1
5993,53,38
5994,86,14
5995,47,28
5996,0,0
5997,436,78
5998,37,56
5999,3,4
6001,0,8
6003,11,91
6004,198,212
6005,166,175
6006,128,87
6007,155,116
6008,134,114
6009,25,14
6010,4,5
6011,15,7
6012,87,43
6014,48,46
6015,24,12
6017,48,26
6018,61,2
6019,3,1
6020,69,53
6021,1,9
6022,4,0
6023,138,29
6024,32,4
6025,10,42
6026,41,7
6027,30,106
6028,39,39
6029,59,61
6030,42,189
6031,49,26
6032,25,9
6033,0,0
6034,40,7
6035,80,48
6036,143,100
6037,130,39
6038,163,77
6040,0,1
6041,1,35
6042,12,6
6043,5,9
6044,0,14
6045,0,2
6048,25,32
6049,14,27
6052,38,12
6053,1,0
6054,2,6
6055,4,2
6056,0,0
6059,17,236
6060,9,277
6061,9,275
6062,15,6
6063,82,260
6064,26,37
6067,0,0
6068,10,1
6069,0,0
6070,105,59
6071,0,0
6072,17,18
6073,30,21
6074,77,7
6076,79,155
6078,0,0
6079,0,6
6080,15,16
6081,26,12
6082,32,6
6083,0,0
6084,69,7
6086,11,0
6087,106,22
6088,0,0
6089,0,0
6090,131,13
6091,120,12
6092,106,83
6093,0,0
6094,96,20
6095,91,41
6096,64,118
6098,12,10
6099,17,2
6100,3,3
6101,5,3
6103,0,5
6104,181,111
6105,0,0
6106,26,35
6109,13,52
6110,16,72
6111,28,116
6112,299,22
6113,3,11
6115,73,46
6117,4,0
6118,48,0
6119,0,7
6121,1,4
6122,42,49
6123,519,14
6124,0,3
6125,82,179
6130,86,23
6131,9,7
6135,7,2
6136,98,112
6137,4,3
6138,26,181
6139,11,54
6141,51,23
6143,72,25
6145,15,11
6146,0,0
6147,637,46
6149,0,0
6150,46,33
6151,26,20
6152,0,16
6153,72,7
6154,102,53
6155,692,24
6156,19,25
6157,29,12
6158,0,0
6159,51,39
6160,0,0
6169,9,39
6170,0,0
6171,0,0
6173,12,2
6174,29,20
6176,65,127
6179,184,62
6180,132,106
6181,54,50
6183,165,63
6184,11,4
6185,7,1
6187,3,0
6188,5,1
6189,23,10
6190,0,0
6191,108,9
6192,20,4
6194,0,0
6196,132,64
6197,99,53
6199,14,0
6200,8,0
6201,15,0
6202,34,0
6206,16,6
6208,4,60
6209,7,1
6210,281,6
6211,512,22
6212,529,43
6213,571,51
6215,4,10
6216,4,12
6217,0,0
6218,89,0
6220,0,0
6221,85,41
6225,7,19
6226,117,128
6227,119,151
6228,75,73
6230,4,1
6231,10,12
6232,101,35
6233,86,16
6234,113,47
6235,69,21
6236,171,34
6238,12,7
6239,96,64
6240,47,16
6241,32,12
6242,34,12
6243,32,15
6244,55,132
6245,1,0
6247,55,11
6248,1,1
6250,30,5
6252,40,6
6253,217,139
6254,91,94
6255,103,74
6256,130,86
6257,23,57
6258,48,25
6261,70,28
6262,0,9
6263,41,57
6264,42,88
6265,146,15
6266,131,74
6267,173,198
6268,153,76
6271,10,12
6272,283,40
6274,11,44
6275,15,16
6276,51,34
6277,174,235
6278,241,72
6279,509,1
6280,688,27
6281,23,6
6282,5,10
6283,0,89
6284,0,0
6285,45,41
6286,27,92
6287,151,98
6288,85,197
6289,110,164
6290,72,228
6291,20,41
6292,13,62
6293,48,57
6294,110,150
6296,2,4
6297,51,82
6298,0,0
6299,241,117
6300,0,4
6301,34,35
6302,50,29
6303,16,149
6304,0,0
6305,157,31
6306,18,20
6307,78,59
6308,393,153
6309,32,24
6310,121,96
6311,0,1
6312,686,34
6313,0,45
6314,0,405
6315,10,440
6317,32,32
6319,35,95
6320,1,143
6322,47,17
6323,0,0
6324,34,11
6325,79,51
6328,80,36
6329,126,92
6330,88,144
6331,70,117
6332,125,171
6333,52,87
6334,27,30
6335,25,16
6336,35,7
6337,528,34
6338,36,87
6339,10,42
6340,2,38
6341,71,73
6342,3,24
6343,55,65
6345,113,91
6346,26,37
6347,59,51
6349,34,47
6350,3,16
6351,0,0
6352,53,0
6355,54,7
6357,2,47
6358,5,68
6360,141,73
6361,183,75
6362,33,78
6363,25,5
6364,26,33
6365,32,32
6366,34,35
6367,33,41
6368,32,40
6370,19,35
6371,36,43
6372,44,53
6373,29,64
6374,6,37
6375,36,28
6376,2,4
6377,1,4
6381,114,239
6382,72,236
6383,63,196
6384,35,190
6385,30,186
6386,27,184
6387,11,78
6388,50,50
6389,40,148
6391,252,2
6393,46,59
6394,14,42
6395,13,43
6396,19,39
6397,26,46
6400,23,89
6403,82,0
6404,100,0
6405,49,0
6406,231,117
6409,19,0
6410,17,0
6411,42,0
6412,30,1
6413,3,0
6414,10,9
6415,37,25
6416,10,3
6417,19,12
6418,26,38
6419,0,0
6421,44,16
6422,48,21
6423,47,27
6424,54,32
6425,92,78
6426,77,62
6427,74,69
6428,64,65
6429,43,25
6430,172,16
6432,6,10
6434,11,74
6435,0,63
6436,21,102
6437,9,105
6438,11,20
6439,5,27
6440,0,25
6441,0,42
6442,1,20
6443,68,75
6444,19,6
6445,22,16
6446,24,17
6447,25,20
6448,35,24
6449,21,15
6450,13,15
6451,10,52
6452,0,0
6454,8,13
6455,107,101
6456,26,26
6457,12,2
6458,26,16
6459,11,4
6460,20,1
6463,21,54
6464,31,61
6465,44,58
6466,52,78
6467,225,225
6468,25,34
6469,40,46
6470,62,34
6471,1,0
6472,4,0
6473,1,0
6475,16,14
6476,31,11
6477,18,8
6479,124,70
6481,44,59
6482,6,92
6484,22,60
6486,15,46
6487,10,48
6488,5,32
6489,22,61
6491,6,15
6492,34,20
6493,11,8
6494,144,107
6495,91,95
6496,13,11
6500,46,23
6501,16,4
6502,5,7
6503,566,43
6505,684,27
6507,10,5
6508,70,71
6509,4,4
6510,0,0
6512,0,0
6514,25,14
6515,6,3
6516,4,4
6517,90,106
6518,69,65
6520,56,43
6522,46,5
6523,42,37
6524,15,41
6525,19,48
6526,5,8
6528,0,0
6529,54,222
6530,32,25
6531,1,1
6532,8,16
6533,19,22
6534,17,18
6536,11,21
6537,11,8
6538,48,60
6540,15,68
6542,13,72
6545,19,54
6548,11,5
6549,122,142
6550,17,13
6551,4,0
6552,6,2
6553,477,0
6554,485,1
6555,490,0
6557,2,17
6558,0,23
6559,0,25
6560,14,7
6561,3,8
6566,76,0
6567,147,55
6568,0,6
6569,25,125
6570,23,139
6571,14,154
6572,18,151
6573,13,11
6574,33,42
6575,21,12
6576,11,31
6577,135,63
6578,106,33
6579,692,6
6580,657,8
6581,646,31
6582,62,27
6583,56,96
6584,21,18
6586,31,42
6589,64,13
6590,40,19
6591,33,16
6592,41,35
6593,44,81
6594,17,13
6595,25,37
6597,2,3
6598,0,0
6599,0,0
6600,0,0
6601,0,0
6602,0,0
6603,7,1
6604,16,34
6605,38,12
6606,38,10
6608,134,45
6609,8,9
6610,2,6
6611,0,0
6612,0,0
6614,1,0
6615,4,25
6616,20,24
6617,6,11
6618,19,27
6619,28,25
6620,11,13
6621,23,38
6622,21,19
6623,41,13
6624,14,36
6626,67,70
6627,30,28
6628,122,199
6629,127,203
6631,141,234
6632,166,238
6633,168,238
6634,124,236
6635,56,57
6636,131,68
6638,46,14
6639,42,9
6640,41,33
6641,40,78
6642,44,27
6643,32,21
6644,63,70
6645,25,13
6646,11,10
6648,19,10
6650,19,12
6651,2,5
6654,225,19
6655,39,13
6656,99,144
6657,6,4
6659,204,102
6660,130,88
6661,136,87
6664,215,146
6665,17,126
6666,3,45
6667,11,50
6668,7,34
6670,13,14
6671,6,6
6673,98,65
6674,77,60
6676,87,73
6677,100,63
6678,39,32
6679,19,11
6685,168,126
6686,173,100
6687,85,69
6688,99,118
6689,86,86
6692,949,85
6693,5,4
6694,26,35
6695,51,123
6696,58,127
6697,69,129
6699,9,6
6701,2,1
6702,82,81
6703,29,17
6704,16,18
6705,190,110
6707,3,0
6708,2,35
6709,1,3
6711,6,4
6712,10,12
6713,16,15
6716,19,8
6718,138,62
6720,143,81
6721,73,39
6722,17,19
6723,12,10
6724,25,8
6725,32,6
6727,64,38
6730,69,32
6731,29,23
6733,3,3
6734,7,4
6736,94,42
6737,70,27
6738,71,67
6739,110,38
6742,64,56
6743,61,61
6744,61,43
6745,41,3
6746,55,10
6748,49,13
6749,50,15
6751,52,15
6754,33,20
6755,46,24
6757,14,12
6758,64,74
6759,51,53
6760,226,545
6761,54,72
6762,37,100
6763,37,30
6764,54,39
6765,2,8
6766,132,181
6772,576,9
6773,4,20
6774,96,118
6775,875,66
6776,19,11
6777,109,14
6778,0,0
6779,0,0
6780,30,26
6781,0,0
6783,9,5
6785,83,54
6787,105,107
6788,97,110
6789,94,85
6790,118,131
6791,94,82
6792,154,95
6794,116,99
6795,109,76
6802,4,0
6804,16,68
6805,44,71
6806,62,81
6807,70,88
6809,267,123
6810,102,126
6811,2,5
6812,55,57
6813,32,66
6814,0,6
6815,1,0
6816,407,4
6818,5,0
6819,6,6
6820,11,10
6822,0,2
6824,0,0
6825,1,2
6826,97,0
6827,72,0
6828,58,10
6829,41,43
6830,0,10
6831,53,74
6833,43,42
6834,13,24
6835,54,56
6836,45,60
6837,20,42
6838,24,11
6839,50,35
6840,24,49
6842,26,53
6843,28,53
6844,33,56
6845,42,53
6846,161,183
6847,190,338
6849,18,13
6850,30,20
6851,6,7
6852,10,12
6853,22,28
6854,3,13
6855,92,78
6856,88,78
6857,39,188
6858,18,236
6860,46,78
6861,40,83
6862,47,99
6863,0,0
6864,61,36
6866,9,83
6867,11,82
6868,37,33
6870,125,54
6872,107,68
6873,113,126
6874,9,47
6875,22,129
6876,20,54
6885,4,13
6886,10,8
6887,6,8
6894,4,1
6895,26,32
6896,38,89
6897,40,52
6898,21,33
6900,0,0
6901,118,77
6902,98,43
6903,94,53
6905,69,29
6906,8,0
6907,512,12
6912,4,10
6913,20,74
6914,15,41
6915,32,55
6916,93,1
6917,74,0
6919,0,3
6921,10,8
6922,7,9
6930,26,81
6931,24,83
6932,37,83
6933,1,18
6935,21,20
6936,27,24
6937,285,40
6938,181,30
6939,114,8
6940,123,30
6941,196,52
6942,63,131
6943,63,132
6944,4,1
6945,11,106
6948,5,2
6950,79,0
6953,292,2
6955,240,14
6956,16,0
6957,9,0
6958,22,1
6959,10,20
6960,165,95
6961,84,49
6962,29,22
6965,8,3
6968,8,3
6969,6,416
6972,187,39
6973,168,44
6975,2,0
6977,2,25
6978,0,0
6980,0,0
6981,14,3
6982,20,5
6983,0,9
6984,1,11
6985,2,3
6986,46,13
6987,53,19
6988,12,16
6991,157,239
6998,2,5
7001,0,1
7003,14,0
7004,14,0
7006,86,96
7008,2,0
7009,2,0
7010,2,0
7011,15,2
7014,21,152
7015,34,22
7017,27,18
7018,40,15
7019,41,14
7020,35,13
7021,21,54
7022,9,29
7023,20,32
7026,25,41
7027,28,36
7029,48,99
7030,42,86
7031,0,0
7032,40,12
7033,26,16
7035,120,157
7036,118,163
7037,134,168
7038,138,39
7039,51,17
7040,46,2
7043,104,27
7045,0,0
7046,29,7
7047,45,8
7049,0,0
7050,24,3
7051,67,22
7052,74,27
7053,90,82
7057,41,35
7058,8,50
7059,1,47
7060,3,54
7061,582,168
7062,77,22
7063,601,427
7064,628,436
7066,46,153
7067,8,31
7068,17,8
7070,0,0
7071,79,3
7072,0,0
7073,27,21
7074,6,5
7075,0,1
7077,12,1
7078,443,29
7079,2,100
7080,25,109
7081,56,171
7082,13,49
7084,30,53
7085,182,351
7086,36,10
7088,0,0
7089,11,13
7090,3,1
7092,20,22
7093,25,32
7095,14,14
7098,9,8
7099,100,52
7100,75,48
7101,64,47
7102,62,107
7103,62,102
7104,81,125
7105,62,47
7106,77,49
7107,12,44
7108,17,29
7109,89,51
7110,39,11
7111,12,7
7112,74,65
7113,73,57
7114,15,4
7115,28,9
7116,2,3
7118,43,19
7119,37,24
7120,128,28
7121,27,11
7122,20,3
7124,5,1
7127,221,5
7128,21,106
7129,208,95
7130,23,40
7131,143,28
7135,1,7
7137,0,2
7138,2,45
7139,3,0
7142,31,40
7143,0,0
7144,16,56
7145,2,9
7149,218,116
7153,44,47
7154,35,30
7155,47,69
7157,87,102
7158,63,82
7159,143,94
7160,145,94
7161,134,86
7162,196,141
7163,189,102
7164,70,43
7167,2,8
7170,41,4
7171,42,12
7173,23,3
7174,19,1
7175,85,17
7177,0,0
7178,290,4
7180,13,3
7181,15,4
7182,10,6
7183,4,45
7184,8,37
7185,29,43
7186,3,90
7187,78,87
7189,187,129
7190,142,122
7191,132,123
7192,123,127
7193,11,77
7194,54,26
7195,118,228
7197,54,31
7198,58,33
7199,69,40
7200,85,64
7201,95,16
7203,68,44
7205,162,96
7208,126,218
7209,185,255
7213,16,5
7214,26,24
7215,45,42
7216,19,20
7217,19,12
7219,22,103
7220,25,101
7221,36,119
7223,176,141
7224,180,149
7226,13,1
7229,8,8
7230,20,13
7232,71,57
7233,68,65
7234,65,60
7236,85,83
7237,85,83
7238,81,49
7239,75,63
7243,16,41
7245,94,162
7246,112,109
7247,38,18
7248,1,40
7249,21,0
7251,33,5
7253,15,8
7256,98,80
7257,73,64
7259,15,1
7260,17,3
7261,2,0
7262,82,16
7263,23,3
7264,23,5
7265,27,2
7266,43,6
7267,115,10
7268,61,12
7269,57,6
7270,88,5
7271,84,38
7281,121,69
7283,60,24
7285,64,26
7288,35,11
7290,29,14
7291,35,18
7293,303,18
7294,299,10
7295,187,8
7296,8,13
7298,1,2
7299,43,44
7300,3,11
7301,28,7
7302,161,87
7304,10,14
7305,7,14
7307,215,191
7308,207,189
7309,796,29
7310,795,29
7311,607,28
7313,927,84
7314,161,129
7315,29,2
7317,0,0
7319,104,78
7320,301,29
7322,331,39
7323,38,16
7324,70,113
7326,96,125
7327,99,119
7328,16,44
7329,49,55
7330,33,45
7331,16,28
7332,17,27
7333,30,33
7334,68,19
7335,25,30
7337,68,60
7338,33,11
7339,0,0
7340,18,45
7342,81,210
7343,0,109
7344,3,96
7345,94,63
7346,88,65
7347,77,59
7348,144,113
7349,131,111
7350,91,84
7351,145,44
7352,91,31
7353,83,32
7354,7,111
7355,21,65
7356,1,14
7358,0,11
7359,0,4
7360,7,94
7361,12,112
7362,37,47
7363,7,45
7364,42,132
7366,76,131
7367,22,111
7368,16,99
7372,78,42
7373,108,166
7375,222,347
7377,214,345
7378,157,303
7380,52,49
7381,51,57
7382,74,69
7385,86,73
7386,98,82
7392,690,37
7393,671,34
7394,656,32
7395,759,12
7396,754,13
7397,741,14
7398,748,13
7399,740,15
7400,537,47
7402,31,8
7403,1,0
7404,0,6
7405,28,6
7406,9,11
7407,3,3
7408,86,13
7409,107,15
7410,19,28
7411,21,30
7412,265,131
7416,11,4
7417,15,22
7419,60,52
7420,68,60
7421,61,55
7422,109,95
7423,37,32
7424,13,23
7425,59,88
7426,21,70
7427,52,94
7428,71,40
7429,74,54
7430,220,145
7431,179,131
7432,152,130
7433,161,129
7434,88,112
7435,100,119
7436,29,37
7438,593,39
7440,597,45
7441,595,54
7443,2,0
7450,56,28
7452,6,23
7453,11,16
7454,10,82
7457,9,64
7458,65,14
7459,92,237
7460,21,39
7461,10,15
7464,49,19
7466,24,17
7467,0,24
7468,0,35
7469,18,40
7470,152,47
7472,192,68
7474,265,90
7475,340,105
7477,33,40
7478,174,19
7479,2,6
7481,2,62
7482,64,60
7484,84,103
7485,517,72
7486,0,6
7488,195,14
7489,8,6
7490,16,5
7493,33,54
7494,10,52
7495,67,124
7496,68,121
7497,110,136
7498,100,161
7501,79,59
7502,559,14
7503,541,46
7504,527,8
7505,498,3
7506,0,0
7509,6,68
7511,116,69
7512,109,89
7513,38,43
7514,70,66
7515,83,67
7516,153,124
7517,136,119
7518,102,98
7519,103,96
7520,113,91
7521,160,100
7522,152,109
7523,128,117
7524,131,86
7525,49,44
7526,50,32
7528,46,21
7529,12,8
7530,24,30
7532,4,16
7533,8,10
7535,8,3
7536,22,36
7537,28,26
7539,36,21
7540,23,20
7541,23,16
7543,69,45
7545,22,25
7546,160,130
7548,16,5
7549,124,10
7550,12,10
7553,4,4
7554,18,6
7555,24,10
7558,7,3
7559,54,55
7561,122,98
7562,29,34
7563,27,30
7564,103,65
7565,29,11
7566,22,12
7568,135,203
7569,123,201
7570,114,203
7571,106,197
7573,22,4
7574,52,20
7575,18,9
7576,16,8
7577,4,2
7581,267,43
7582,101,100
7583,90,99
7584,94,55
7585,75,48
7586,46,29
7587,62,33
7588,115,118
7589,122,125
7590,12,6
7591,9,11
7595,6,14
7599,6,18
7600,2,17
7601,26,11
7602,27,19
7604,12,8
7605,2,4
7608,77,10
7609,72,64
7610,12,6
7613,18,47
7614,23,21
7618,269,4
7620,290,2
7622,85,46
7625,35,209
7626,54,237
7627,24,22
7628,65,125
7629,24,85
7630,94,88
7631,151,186
7635,233,446
7636,237,433
7638,76,52
7639,21,35
7640,3,13
7641,30,55
7642,29,47
7643,5,2
7646,2,2
7647,90,242
7650,13,26
7652,13,11
7653,18,12
7654,0,11
7655,17,13
7656,0,17
7657,2,21
7658,1,23
7659,5,5
7660,1,4
7661,25,10
7662,1,2
7663,0,0
7664,0,0
7665,1,7
7666,112,80
7667,8,5
7668,7,3
7669,80,49
7670,51,34
7671,52,34
7672,102,49
7673,20,13
7674,10,14
7676,5,0
7682,5,10
7683,90,26
7684,54,23
7685,1,0
7688,76,2
7690,151,18
7691,152,74
7692,28,33
7694,39,12
7695,391,39
7697,13,38
7698,6,3
7700,99,102
7702,42,20
7703,36,14
7704,35,12
7705,14,24
7706,16,12
7707,19,10
7710,13,6
7711,14,2
7712,5,19
7713,4,17
7714,8,5
7715,90,58
7716,86,54
7717,92,140
7723,5,0
7724,27,0
7726,15,0
7728,42,88
7729,4,5
7732,152,105
7733,507,4
7736,509,4
7738,137,4
7739,136,4
7740,134,4
7741,172,4
7742,59,2
7743,74,2
7745,3,2
7746,3,2
7747,5,3
7748,0,0
7749,639,214
7750,665,217
7751,11,6
7752,50,12
7757,9,34
7760,21,17
7761,16,6
7763,51,22
7767,120,96
7768,186,108
7771,11,12
7772,50,19
7777,19,18
7778,112,160
7779,79,62
7780,95,62
7781,131,135
7782,101,97
7786,90,52
7787,109,71
7788,7,57
7799,34,27
7800,30,25
7802,41,29
7804,51,17
7805,72,57
7806,67,45
7807,62,44
7808,102,94
7809,121,388
7810,141,168
7811,191,180
7812,43,18
7813,44,19
7814,38,32
7815,51,33
7816,52,57
7819,83,71
7820,86,67
7821,99,72
7822,28,87
7823,7,6
7824,12,13
7827,20,12
7828,16,18
7829,14,15
7830,10,67
7831,19,75
7832,11,36
7833,8,45
7834,1,7
7835,8,14
7836,16,41
7837,56,26
7839,155,80
7840,184,93
7843,16,158
7844,61,185
7845,1,16
7846,10,12
7848,11,11
7851,6,3
7852,8,6
7854,30,0
7855,187,4
7856,305,123
7857,123,4
7858,58,74
7859,59,68
7860,58,67
7861,0,0
7862,0,6
7866,16,1
7868,6,1
7869,4,9
7870,6,10
7871,4,12
7873,8,4
7874,16,4
7875,14,3
7876,2,6
7879,1,4
7882,1,0
7886,298,3
7890,36,16
7891,22,6
7892,58,24
7893,64,24
7895,37,3
7896,43,3
7897,22,8
7898,32,8
7902,8,3
7905,6,1
7908,58,5
7909,47,22
7911,23,9
7912,57,13
7913,48,20
7914,196,0
7915,130,0
7916,149,0
7917,136,0
7922,47,19
7924,49,15
7925,52,20
7927,55,51
7928,59,53
7930,7,5
7931,19,16
7932,45,34
7933,25,10
7934,3,1
7935,18,13
7941,47,39
7942,10,14
7943,37,25
7944,0,0
7946,127,5
7947,127,3
7949,191,6
7952,14,8
7954,20,7
7956,2,3
7958,28,36
7959,28,38
7960,0,4
7962,42,45
7964,12,6
7965,0,3
7966,0,0
7967,0,0
7969,0,0
7970,2,6
7972,0,0
7975,0,0
7976,6,0
7978,6,2
7979,0,0
7982,52,24
7983,50,18
7984,28,10
7988,3,15
7990,104,149
7992,4,3
7993,8,9
7994,8,9
7995,4,16
7996,11,31
8000,111,71
8001,15,9
8002,44,22
8005,40,15
8006,40,151
8007,0,0
8008,0,0
8009,0,0
8010,0,0
8011,0,0
8013,0,0
8014,0,0
8015,0,0
8016,0,0
8017,0,0
8018,0,0
8019,660,9
8020,660,9
8022,40,158
8027,91,92
8028,10,2
8029,10,2
8030,4,3
8031,70,111
8032,72,111
8035,12,0
8036,16,0
8039,0,0
8040,39,0
8041,37,0
8043,3,2
8044,11,2
8045,2,2
8046,12,2
8047,6,0
8048,4,0
8052,3,0
8053,4,0
8055,8,0
8056,13,0
8058,0,1
8059,8,4
8060,0,1
8061,21,17
8065,21,11
8066,0,0
8069,32,19
8070,3,2
8073,7,5
8074,2,3
8075,3,3
8076,161,102
8078,0,0
8079,0,0
8080,8,0
8081,28,16
8083,4,12
8084,2,25
8085,375,6
8086,119,104
8091,91,14
8092,132,14
8093,15,27
8094,31,26
8095,118,114
8099,5,0
8103,5,0
8104,118,136
8105,85,119
8106,159,3
8107,267,2
8108,295,4
8109,174,5
8110,184,5
8111,176,5
8112,101,188
8113,83,187
8115,93,170
8116,77,170
8119,371,57
8120,207,75
8121,208,81
8122,4,3
8125,6,4
8126,0,2
8127,53,71
8128,38,10
8129,6,2
8130,2,0
8133,125,32
8134,2,0
8135,26,19
8136,26,23
8137,67,80
8140,300,202
8141,337,203
8142,251,143
8143,247,113
8144,0,0
8145,29,22
8146,128,90
8148,139,100
8149,162,122
8150,85,108
8151,92,133
8152,65,36
8154,4,16
8156,56,244
8157,43,176
8158,4,11
8159,56,32
8160,23,41
8161,33,53
8162,30,122
8163,0,0
8164,0,0
8165,0,0
8166,104,4
8168,0,0
8170,0,0
8171,60,60
8172,128,11
8174,68,16
8175,55,11
8177,9,24
8178,2,1
8180,3,0
8181,8,2
8182,177,206
8183,5,7
8186,85,252
8192,368,179
8193,513,258
8194,372,238
8195,307,155
8197,1,0
8200,21,110
8201,25,12
8202,0,0
8205,22,97
8206,7,11
8207,11,13
8210,44,51
8211,54,81
8215,72,104
8216,98,66
8217,9,11
8219,0,0
8220,91,61
8221,694,7
8223,34,10
8224,116,94
8225,5,57
8226,141,69
8227,0,0
8230,44,16
8231,145,95
8233,52,25
8234,8,3
8238,180,4
8242,73,95
8243,55,46
8245,97,70
8246,15,9
8247,320,194
8248,0,0
8249,0,0
8250,47,9
8258,0,0
8259,0,0
8260,0,0
8261,6,2
8262,8,2
8265,0,0
8266,0,0
8270,6,8
8279,2,4
8280,1,2
8283,2,0
8284,14,8
8285,54,14
8286,357,14
8287,83,63
8296,74,44
8297,42,45
8299,36,30
8300,142,200
8301,178,224
8302,114,190
8304,61,101
8305,75,100
8306,0,0
8310,13,9
8312,17,9
8314,7,22
8315,5,14
8316,15,24
8317,18,29
8318,16,42
8319,5,18
8320,4,18
8321,10,13
8322,26,11
8323,40,1
8324,56,5
8325,24,3
8328,0,0
8329,408,1
8330,80,0
8331,320,2
8332,349,2
8333,2,0
8334,3,0
8335,5,0
8336,5,0
8337,0,0
8339,35,0
8342,30,39
8343,453,29
8344,560,17
8345,143,138
8346,119,127
8350,8,6
8351,2,0
8354,29,3
8356,0,3
8357,0,0
8359,6,155
8360,17,136
8361,44,13
8362,48,16
8363,84,145
8364,284,37
8365,33,22
8367,33,22
8370,63,43
8371,96,235
8372,133,245
8373,93,48
8374,119,59
8375,27,13
8381,14,7
8388,51,29
8390,0,0
8394,51,30
8395,110,57
8396,139,76
8398,0,2
8399,0,0
8400,7,5
8401,0,0
8402,0,0
8403,0,0
8404,0,0
8407,4,7
8410,14,16
8411,15,23
8412,31,37
8413,12,1
8414,21,7
8415,38,20
8416,2,2
8417,18,10
8418,48,82
8419,105,94
8420,103,99
8421,153,122
8422,22,28
8423,21,32
8424,10,4
8428,89,81
8430,41,28
8431,11,0
8432,3,3
8433,25,2
8434,14,63
8435,0,0
8436,71,56
8437,0,3
8438,8,12
8442,7,0
8443,15,0
8444,6,0
8446,59,2
8448,238,2
8449,87,0
8450,63,0
8451,63,0
8455,56,0
8456,52,0
8457,12,0
8458,43,0
8459,80,0
8460,43,0
8461,10,0
8462,12,0
8463,31,2
8464,111,0
8465,11,20
8466,0,15
8469,3,3
8470,20,29
8474,83,81
8475,179,122
8477,81,46
8478,78,47
8479,108,90
8480,119,105
8481,68,40
8483,64,26
8484,55,25
8485,11,91
8486,115,88
8487,946,66
8488,2,38
8489,5,75
8490,0,60
8491,15,172
8492,35,38
8493,50,69
8494,45,33
8495,47,35
8496,118,151
8497,123,135
8498,214,159
8499,226,148
8502,9,2
8503,66,59
8504,77,55
8505,81,63
8506,123,52
8508,276,240
8510,145,136
8512,87,77
8514,119,52
8515,79,86
8516,73,86
8517,159,60
8518,163,57
8521,24,17
8522,23,8
8523,26,8
8524,28,9
8525,24,18
8526,34,27
8527,40,26
8528,45,26
8535,3,15
8538,0,0
8542,102,0
8543,0,0
8544,0,0
8547,102,0
8549,98,0
8550,96,0
8552,0,0
8553,0,0
8554,34,13
8555,49,18
8556,3,0
8557,9,2
8558,3,0
8559,58,0
8563,0,0
8564,27,0
8565,0,0
8568,2,10
8569,0,25
8570,12,36
8572,6,22
8573,0,2
8574,14,38
8575,26,0
8576,361,29
8577,364,27
8578,336,26
8579,260,13
8580,223,8
8581,217,6
8582,216,6
8583,82,45
8584,7,10
8585,2,4
8588,9,9
8590,7,3
8599,3,4
8602,0,0
8603,131,62
8605,67,298
8606,22,10
8607,21,19
8608,16,4
8609,40,9
8610,5,77
8611,38,144
8612,69,151
8613,13,14
8616,1,1
8617,108,113
8618,8,18
8619,16,66
8620,64,0
8622,104,0
8624,110,0
8627,47,99
8628,8,85
8630,14,87
8631,2,0
8634,13,0
8635,19,0
8637,87,2
8638,20,27
8639,365,27
8641,49,40
8643,49,48
8645,55,62
8646,59,19
8647,79,24
8650,88,64
8652,0,0
8653,90,59
8654,18,11
8655,11,8
8656,6,7
8659,84,98
8660,3,2
8661,2,0
8662,0,0
8665,0,0
8667,0,0
8668,138,73
8670,25,230
8673,128,141
8674,1,1
8676,7,3
8677,15,15
8681,137,87
8683,78,27
8685,19,45
8686,164,88
8687,183,109
8688,75,36
8689,41,22
8690,40,20
8691,12,18
8696,14,60
8697,2,6
8698,35,10
8700,15,4
8701,33,64
8702,63,81
8707,28,22
8715,7,7
8716,19,7
8717,29,14
8718,28,19
8719,23,18
8720,19,22
8721,50,29
8722,34,14
8723,59,25
8729,31,21
8731,32,180
8733,42,25
8735,92,24
8738,23,38
8747,0,0
8750,25,4
8751,2,0
8752,20,0
8754,17,1
8755,19,3
8756,17,2
8757,9,0
8759,7,0
8761,4,0
8762,6,1
8765,4,0
8766,0,0
8767,13,0
8768,7,0
8770,10,0
8773,0,0
8775,16,18
8776,7,0
8777,0,0
8778,0,1
8779,0,1
8780,2,0
8781,3,0
8783,3,0
8784,10,0
8785,17,1
8787,1,0
8789,4,0
8790,7,0
8792,7,0
8803,0,0
8805,9,0
8806,60,57
8807,283,417
8808,362,619
8810,13,61
8813,17,66
8814,61,136
8815,62,68
8816,50,120
8817,13,11
8818,1,1
8819,148,72
8820,121,58
8822,0,27
8823,109,133
8825,4,5
8826,24,26
8828,24,21
8831,42,17
8832,47,25
8835,46,21
8836,0,0
8838,66,30
8839,16,13
8840,39,94
8841,39,106
8842,42,112
8843,92,98
8844,0,0
8848,127,0
8851,7,0
8852,7,0
8854,152,92
8855,153,90
8857,172,66
8861,320,171
8862,26,65
8863,27,44
8864,45,111
8865,62,117
8866,77,125
8867,111,50
8868,8,44
8869,0,10
8871,12,5
8873,40,12
8874,52,39
8875,13,2
8876,84,106
8877,0,0
8878,123,90
8879,208,134
8880,258,145
8882,36,10
8883,91,54
8885,104,99
8886,39,5
8887,141,117
8890,17,18
8893,65,29
8895,70,36
8896,133,82
8897,143,88
8898,215,11
8901,54,25
8902,21,33
8903,41,30
8905,9,0
8906,9,2
8912,69,54
8915,6,4
8926,0,0
8935,18,7
8939,29,25
8940,0,0
8941,0,0
8942,13,5
8944,141,81
8945,38,13
8946,46,10
8947,13,70
8949,19,54
8950,4,53
8951,130,34
8952,9,0
8953,2,0
8954,17,6
8955,10,7
8957,18,3
8958,0,0
8959,8,7
8960,10,3
8961,20,3
8963,2,15
8966,6,49
8967,726,17
8969,805,1
8970,801,96
8971,5,31
8973,0,42
8974,2,61
8975,205,81
8976,66,31
8978,60,199
8979,47,113
8980,59,283
8983,265,426
8984,75,38
8987,16,24
8988,8,1
8989,20,5
8990,16,7
8994,9,12
8995,2,23
8998,23,36
8999,3,5
9000,0,0
9002,42,46
9003,39,48
9004,44,24
9006,826,15
9008,878,16
9009,912,16
9010,67,44
9011,51,29
9018,51,96
9019,34,88
9020,31,75
9021,22,60
9022,19,5
9023,23,7
9024,23,11
9025,18,9
9028,30,10
9029,7,1
9030,19,16
9031,3,2
9035,10,18
9036,10,2
9037,18,5
9038,7,2
9039,18,28
9040,20,30
9041,4,2
9042,13,12
9043,20,14
9044,28,19
9045,48,47
9046,0,2
9047,11,2
9048,1,0
9049,2,0
9050,6,8
9051,0,2
9053,7,0
9054,31,14
9055,34,10
9056,38,5
9057,68,24
9059,14,0
9060,0,4
9061,20,4
9062,27,4
9063,7,4
9064,5,4
9065,4,2
9066,0,9
9067,2,0
9068,10,0
9069,48,41
9070,25,4
9071,18,4
9072,16,3
9073,16,1
9074,8,1
9076,2,1
9077,0,0
9078,37,21
9079,22,20
9080,7,0
9081,6,8
9082,6,7
9083,9,0
9084,13,5
9089,10,37
9090,5,0
9093,14,12
9094,2,6
9095,92,61
9096,50,38
9097,8,2
9098,6,2
9100,15,5
9102,9,1
9103,2,2
9105,0,2
9108,0,10
9112,0,0
9113,51,48
9114,7,6
9116,47,62
9119,29,25
9121,30,8
9123,22,9
9124,14,7
9127,183,2
9136,28,24
9137,59,15
9139,0,0
9140,152,77
9141,109,64
9142,92,40
9143,84,32
9144,2,17
9147,8,9
9148,0,0
9149,79,62
9151,0,0
9152,0,0
9153,79,58
9154,23,15
9155,28,14
9156,0,0
9157,0,1
9165,13,16
9167,18,113
9168,23,103
9169,17,107
9171,145,69
9172,0,0
9174,54,6
9178,5,1
9179,11,1
9180,15,1
9181,71,2
9182,79,2
9183,184,2
9184,201,2
9194,42,32
9195,7,55
9196,5,58
9198,125,1
9199,2,33
9202,611,9
9203,611,8
9204,574,7
9205,537,8
9206,503,5
9207,503,4
9208,509,1
9209,492,33
9210,498,18
9211,42,95
9212,31,11
9213,3,7
9214,6,15
9216,2,15
9217,5,9
9218,0,10
9219,4,10
9220,0,9
9221,10,58
9222,0,0
9223,12,14
9224,0,0
9227,36,105
9228,0,0
9229,54,26
9233,39,7
9234,207,163
9235,206,159
9237,4,0
9240,17,0
9246,21,12
9247,11,25
9253,2,0
9255,1,0
9261,0,0
9262,1,8
9263,12,18
9264,0,0
9266,0,0
9267,0,0
9272,37,145
9273,2,0
9279,30,35
9281,243,8
9282,9,1
9283,25,46
9285,196,22
9288,15,6
9291,118,85
9294,109,16
9295,16,33
9296,24,60
9297,36,60
9298,74,62
9299,55,52
9301,50,45
9302,55,44
9307,14,4
9310,10,5
9311,30,96
9312,6,0
9313,0,0
9315,0,3
9316,0,0
9317,0,0
9318,4,2
9319,10,2
9321,10,6
9322,82,33
9323,15,15
9328,29,15
9329,33,527
9334,77,51
9337,44,24
9338,119,111
9340,143,83
9341,139,76
9342,45,117
9344,45,52
9345,64,259
9346,11,41
9350,22,0
9353,0,0
9354,3,1
9355,6,0
9357,57,32
9358,5,4
9362,38,34
9364,11,0
9365,45,37
9366,35,28
9367,59,56
9369,61,42
9370,10,3
9372,33,17
9377,0,2
9378,2,3
9379,65,87
9380,69,79
9381,49,69
9382,148,107
9384,28,29
9385,61,79
9386,66,83
9390,8,2
9392,4,8
9398,72,92
9399,27,10
9400,61,4
9405,212,74
9407,51,31
9410,43,20
9411,17,9
9414,6,5
9426,38,64
9429,441,353
9430,51,37
9432,36,22
9433,35,25
9434,4,94
9435,73,74
9437,80,98
9438,28,28
9440,0,32
9441,469,44
9444,39,42
9447,198,132
9448,218,45
9449,228,30
9450,24,55
9453,27,32
9455,162,59
9457,207,163
9458,209,95
9459,403,252
9461,0,4
9462,5,8
9463,25,69
9464,243,66
9465,41,49
9466,0,7
9467,0,7
9470,4,4
9472,171,206
9475,0,1
9476,538,193
9477,536,191
9478,523,186
9479,512,188
9482,519,184
9483,18,7
9486,32,27
9487,35,28
9488,3,9
9489,47,65
9490,44,15
9491,73,108
9492,165,104
9493,18,74
9494,0,0
9495,444,9
9496,61,53
9497,65,46
9498,49,25
9499,57,104
9501,60,35
9503,65,49
9504,74,46
9505,68,39
9507,57,28
9508,0,0
9509,65,33
9510,70,38
9511,68,44
9512,146,221
9513,170,218
9514,245,300
9515,126,275
9516,85,81
9517,116,104
9522,108,88
9524,84,42
9526,111,114
9527,82,41
9528,39,106
9529,120,80
9531,7,89
9532,15,12
9533,10,5
9534,6,7
9535,45,61
9536,43,16
9537,75,43
9539,0,43
9540,42,158
9542,39,82
9543,47,16
9544,32,15
9545,23,7
9546,96,131
9547,73,33
9549,1,53
9551,142,97
9552,105,147
9555,17,60
9557,9,60
9559,77,4
9560,9,77
9561,0,13
9562,107,115
9563,15,6
9565,11,10
9567,74,158
9569,4,7
9570,0,0
9571,18,4
9572,11,10
9573,0,0
9575,157,61
9576,79,53
9577,64,50
9578,85,52
9581,136,88
9582,31,25
9583,64,47
9584,55,93
9585,50,53
9587,76,18
9588,88,68
9591,2,6
9592,0,0
9593,0,2
9594,21,12
9595,36,24
9596,45,140
9597,51,147
9598,70,157
9599,60,36
9600,99,40
9601,17,36
9602,0,86
9603,50,54
9604,41,36
9605,104,45
9608,2,1
9609,28,13
9616,41,29
9617,54,37
9618,46,42
9619,74,51
9620,87,76
9621,28,27
9623,486,0
9625,495,2
9626,505,2
9628,509,2
9629,515,10
9631,527,12
9633,531,14
9635,124,87
9637,76,36
9638,90,90
9639,15,6
9640,12,10
9641,94,84
9642,125,81
9643,99,70
9644,95,70
9646,29,32
9647,36,41
9648,15,5
9652,91,50
9653,64,15
9655,15,2
9657,0,0
9658,11,20
9659,13,14
9660,4,10
9661,5,6
9662,450,59
9663,47,57
9664,1,14
9665,0,1
9667,44,4
9668,34,5
9669,40,12
9670,3,10
9671,6,10
9673,4,3
9675,1,68
9676,8,67
9677,36,157
9678,4,3
9679,11,15
9680,8,37
9681,6,5
9682,18,10
9684,5,101
9685,5,80
9686,15,78
9687,67,125
9688,63,76
9689,58,76
9690,94,35
9691,76,45
9692,267,83
9694,67,18
9696,49,21
9699,129,21
9700,110,22
9701,0,17
9702,22,17
9705,65,37
9707,26,141
9708,97,146
9709,18,16
9713,2,4
9714,469,599
9716,75,126
9717,191,150
9718,190,217
9721,106,199
9722,251,437
9723,253,447
9724,59,34
9725,44,229
9727,12,14
9728,40,32
9729,38,31
9733,68,42
9734,38,41
9736,32,36
9740,4,22
9741,135,164
9742,126,118
9743,3,26
9744,23,7
9745,16,10
9746,104,95
9747,270,5
9748,9,55
9749,0,0
9752,1,1
9754,52,191
9755,41,157
9756,30,151
9757,94,49
9758,29,24
9759,20,59
9760,35,36
9761,37,30
9762,117,51
9763,22,195
9764,22,455
9765,17,16
9766,22,28
9767,42,52
9768,45,47
9769,112,97
9770,125,98
9771,145,100
9772,30,5
9773,25,6
9774,8,1
9775,11,9
9776,73,116
9777,81,126
9778,39,9
9779,3,8
9780,8,5
9781,18,24
9782,24,19
9783,33,21
9784,20,18
9785,25,4
9786,32,3
9787,22,9
9790,10,4
9791,3,67
9792,13,75
9793,9,68
9794,0,67
9795,1,79
9796,12,11
9799,23,6
9800,25,5
9801,2,6
9802,163,71
9803,34,8
9804,0,0
9805,0,0
9806,0,0
9807,3,45
9808,8,59
9809,4,19
9810,56,21
9811,61,84
9812,58,25
9813,77,26
9815,30,65
9816,34,68
9817,16,20
9818,21,28
9819,17,25
9820,19,25
9821,169,117
9822,14,11
9823,5,0
9824,27,57
9825,0,2
9826,0,2
9827,0,87
9828,51,12
9829,57,37
9830,71,44
9831,99,7
9832,71,16
9833,0,4
9834,11,15
9835,47,12
9836,50,10
9837,83,11
9838,12,2
9839,2,9
9840,2,8
9842,4,0
9844,0,0
9845,29,14
9846,31,23
9847,27,33
9848,176,110
9849,29,108
9850,47,12
9851,56,83
9852,21,7
9853,19,12
9854,20,12
9855,16,12
9856,10,12
9857,6,19
9858,2,14
9859,3,14
9860,6,22
9861,3,5
9862,2,2
9863,3,1
9864,3,0
9865,4,1
9866,0,0
9867,11,1
9868,3,0
9869,0,1
9870,3,3
9871,2,0
9872,5,8
9873,10,10
9875,23,15
9876,20,11
9877,19,22
9878,42,11
9879,20,106
9880,125,117
9881,25,22
9882,57,30
9883,60,22
9884,66,21
9885,38,14
9886,50,37
9887,65,35
9888,84,63
9890,20,37
9891,36,27
9892,57,89
9893,56,31
9894,79,38
9895,61,37
9896,35,26
9897,102,81
9898,100,55
9899,112,80
9900,28,13
9901,16,12
9902,25,19
9903,125,92
9904,27,37
9905,10,7
9906,26,14
9907,25,17
9908,17,17
9909,5,3
9910,20,51
9911,107,59
9912,124,92
9913,143,179
9914,37,8
9915,4,16
9916,3,4
9917,5,1
9918,3,5
9919,1,14
9920,35,8
9921,27,8
9922,0,105
9923,0,113
9924,90,196
9925,49,189
9926,25,44
9927,25,42
9928,25,47
9929,28,33
9930,79,120
9931,19,11
9932,39,13
9933,13,9
9934,20,6
9935,30,6
9936,5,3
9937,31,62
9938,33,73
9939,12,17
9940,41,37
9941,31,18
9942,11,28
9943,68,21
9944,38,21
9945,37,11
9946,20,27
9947,21,38
9948,49,48
9949,5,0
9950,4,3
9951,9,6
9952,10,7
9953,11,11
9954,1,2
9955,9,4
9956,2,4
9957,43,8
9958,151,155
9959,195,196
9960,242,201
9961,0,1
9962,8,11
9964,0,9
9965,64,58
9966,74,45
9967,58,52
9968,44,30
9969,26,19
9970,26,12
9971,460,22
9972,0,8
9973,0,9
9974,8,4
9975,6,49
9976,2,3
9977,9,22
9978,27,18
9979,0,22
9981,32,28
9982,19,23
9983,17,15
9984,11,8
9985,3,6
9986,6,6
9988,54,6
9989,38,37
9990,32,13
9991,57,38
9992,33,27
9993,58,95
9994,65,99
9995,0,1
9996,5,2
9997,4,2
9998,217,3
10000,73,35
10001,78,40
10002,6,7
10003,2,4
10004,15,18
10005,3,6
10009,146,45
10010,31,106
10011,5,4
10012,0,5
10013,0,3
10014,5,1
10016,0,42
10017,26,8
10018,24,19
10019,18,28
10020,43,24
10021,17,24
10022,35,4
10023,17,4
10024,26,19
10025,27,26
10026,22,7
10027,20,9
10028,14,63
10029,35,88
10030,20,6
10031,306,17
10032,345,16
10033,15,38
10034,22,9
10036,72,57
10041,24,13
10042,47,269
10043,44,25
10045,61,25
10046,69,45
10047,33,15
10048,51,44
10049,65,45
10050,281,142
10051,304,151
10052,24,1
10053,37,7
10054,30,2
10055,33,5
10059,10,9
10060,7,9
10061,0,2
10062,10,11
10063,18,19
10064,31,3
10065,51,44
10066,45,30
10069,8,121
10071,26,9
10073,0,0
10074,103,44
10077,135,577
10078,171,50
10079,375,289
10080,78,71
10081,54,55
10082,55,79
10083,18,44
10084,3,43
10085,4,49
10086,2,42
10087,0,14
10088,97,128
10090,31,11
10091,446,119
10092,2,69
10093,0,190
10094,0,0
10096,254,205
10097,323,305
10098,47,92
10099,48,45
10100,40,34
10101,106,66
10102,1,6
10103,2,18
10104,169,97
10106,150,38
10108,0,10
10109,85,48
10110,6,56
10111,6,50
10113,60,19
10114,3,3
10115,0,3
10116,25,45
10117,23,14
10118,33,4
10119,34,2
10120,0,0
10121,5,2
10122,18,8
10123,13,8
10124,8,8
10125,15,17
10126,20,21
10127,13,14
10128,12,15
10129,15,21
10130,263,26
10131,282,21
10132,30,17
10133,42,10
10134,54,13
10135,88,37
10136,78,46
10137,5,7
10138,75,4
10139,32,2
10141,39,12
10143,23,99
10145,6,4
10146,63,40
10147,61,44
10148,49,35
10149,72,53
10150,76,68
10151,151,132
10152,21,2
10153,14,14
10154,12,13
10155,9,2
10157,29,8
10159,8,9
10161,88,52
10163,50,106
10167,34,17
10168,9,11
10170,72,10
10171,50,41
10172,51,19
10173,0,0
10174,174,119
10175,154,128
10176,12,17
10177,23,18
10178,31,23
10179,37,5
10180,131,84
10182,57,39
10183,12,18
10185,33,21
10186,16,91
10187,108,86
10188,23,15
10191,98,98
10192,96,29
10193,20,22
10195,43,5
10197,89,61
10198,28,18
10199,37,226
10201,50,49
10203,97,17
10204,0,17
10206,0,5
10207,0,37
10208,59,59
10209,0,0
10210,24,4
10211,0,1
10213,65,40
10214,20,15
10215,16,7
10216,16,11
10218,13,9
10219,19,15
10220,7,11
10222,70,47
10225,0,0
10226,86,14
10227,57,23
10228,52,35
10229,77,31
10230,67,24
10231,27,16
10232,22,7
10233,10,5
10234,9,5
10235,42,28
10236,38,23
10237,42,25
10238,30,21
10239,67,109
10240,57,74
10242,0,0
10243,14,4
10245,16,6
10247,0,0
10248,23,10
10250,51,20
10251,451,80
10252,109,56
10253,0,0
10254,372,76
10255,9,51
10256,7,15
10257,13,8
10261,90,63
10263,0,0
10264,82,59
10265,60,28
10267,22,22
10268,66,106
10269,93,17
10270,60,34
10271,70,53
10274,27,3
10276,2,15
10277,15,9
10278,0,0
10279,0,0
10280,0,0
10281,2,1
10282,0,0
10283,96,72
10284,105,96
10285,116,114
10286,106,115
10287,91,115
10288,72,35
10289,52,34
10290,145,83
10295,7,8
10298,6,0
10299,48,12
10300,34,4
10301,13,3
10302,7,1
10304,18,20
10305,15,6
10306,3,4
10309,44,39
10310,37,0
10311,17,3
10312,116,76
10313,57,17
10314,120,34
10316,38,15
10317,53,20
10318,74,60
10319,2,16
10320,25,11
10321,32,32
10322,44,65
10323,66,71
10324,81,75
10325,52,66
10326,29,17
10329,25,31
10330,2,6
10332,17,13
10333,25,7
10334,0,0
10335,0,0
10336,3,5
10337,38,46
10338,24,31
10339,98,73
10340,117,75
10342,176,367
10345,5,39
10346,2,32
10347,2,33
10348,3,38
10349,2,43
10351,12,15
10352,10,15
10353,9,30
10355,2,2
10357,16,38
10358,18,90
10359,107,6
10360,134,7
10361,169,15
10362,43,0
10363,40,7
10367,90,16
10369,195,49
10371,61,32
10373,78,11
10374,38,15
10376,6,54
10377,18,2
10378,334,167
10379,103,20
10380,24,4
10381,12,1
10382,1,0
10383,2,0
10385,15,5
10386,40,220
10387,18,9
10388,36,40
10389,41,22
10390,53,43
10391,46,37
10395,58,17
10396,12,5
10397,1,0
10398,0,0
10399,7,2
10400,36,2
10401,63,107
10402,45,34
10403,52,61
10404,69,79
10405,62,54
10406,69,59
10407,49,62
10408,48,63
10409,36,62
10410,32,58
10411,30,70
10412,27,28
10413,25,20
10414,13,15
10415,19,0
10416,21,2
10417,19,0
10419,15,63
10420,3,9
10421,11,9
10422,48,57
10424,0,0
10426,11,17
10427,0,0
10428,0,1
10429,15,6
10430,31,10
10431,58,34
10432,3,2
10433,27,16
10434,45,3
10435,29,8
10436,8,2
10437,54,29
10439,400,0
10441,284,1
10445,190,2
10447,0,0
10448,9,62
10449,2,100
10452,1,1
10453,6,8
10454,207,221
10456,0,0
10457,70,30
10462,29,30
10464,23,26
10465,55,30
10469,38,18
10475,18,21
10477,55,27
10479,42,26
10481,112,50
10482,53,30
10483,9,55
10484,30,29
10486,0,2
10487,87,90
10493,9,16
10495,20,60
10496,24,5
10497,6,10
10498,40,18
10507,158,154
10510,0,0
10511,15,119
10512,0,0
10513,15,7
10514,1,49
10515,135,14
10519,301,12
10520,20,4
10521,6,0
10522,2,0
10523,14,0
10524,20,0
10525,16,0
10526,15,1
10527,6,0
10528,5,0
10529,54,2
10530,30,2
10531,18,2
10533,15,175
10534,13,122
10535,3,0
10536,0,0
10537,7,0
10545,0,0
10546,8,0
10547,0,0
10548,0,0
10550,60,34
10551,41,24
10552,0,15
10553,4,19
10555,1,31
10556,0,32
10557,0,27
10558,0,24
10559,0,28
10560,32,156
10561,49,25
10562,45,26
10563,62,28
10565,24,46
10566,220,85
10567,100,23
10568,105,41
10570,51,4
10572,0,0
10574,39,16
10575,184,65
10576,35,3
10577,23,3
10578,12,0
10580,84,17
10584,19,1
10585,15,3
10587,6,3
10588,1,1
10589,48,30
10590,282,202
10591,288,212
10592,293,238
10594,4,21
10595,2,8
10598,99,9
10600,53,19
10601,59,24
10602,21,2
10606,57,29
10608,24,35
10611,33,3
10612,44,26
10614,55,0
10615,49,6
10616,3,4
10617,41,4
10618,45,4
10620,96,28
10622,49,13
10623,31,14
10626,411,14
10627,341,18
10633,76,29
10634,40,59
10635,43,77
10636,5,6
10639,0,0
10641,8,0
10642,28,9
10643,50,35
10644,17,1
10646,79,32
10647,18,6
10648,17,5
10649,0,0
10652,55,7
10653,62,18
10657,294,35
10658,192,5
10659,57,33
10665,9,1
10666,21,1
10667,2,0
10668,0,11
10669,0,2
10672,23,2
10673,72,5
10674,1,1
10678,0,0
10679,0,0
10681,110,28
10689,23,22
10694,0,0
10695,0,2
10696,0,2
10697,8,2
10698,12,1
10699,0,0
10700,0,0
10701,0,0
10704,22,18
10706,33,19
10708,41,41
10709,13,9
10711,0,0
10712,0,0
10713,0,64
10714,12,11
10715,6,2
10716,8,7
10717,19,21
10718,0,0
10719,54,46
10720,68,67
10721,73,46
10722,105,38
10724,105,1
10725,3,0
10726,3,0
10727,4,2
10728,5,4
10729,24,62
10730,28,63
10731,49,61
10732,0,0
10733,1,2
10734,14,8
10735,10,4
10737,192,70
10738,29,1
10739,20,63
10740,8,0
10741,7,0
10742,4,0
10743,5,1
10744,7,2
10745,15,0
10746,2,1
10747,3,1
10748,1,2
10749,2,2
10750,3,0
10751,14,16
10752,2,14
10753,13,5
10754,20,25
10755,0,0
10756,0,0
10757,4,0
10758,2,1
10759,0,0
10760,0,0
10761,0,1
10762,1,2
10763,0,2
10765,3,0
10766,4,0
10768,1,0
10769,29,11
10770,34,9
10771,40,11
10772,8,15
10773,7,19
10774,34,20
10775,2,4
10776,1,4
10777,0,0
10778,9,2
10779,10,3
10780,1,4
10781,6,0
10782,6,0
10783,4,0
10785,76,32
10788,187,16
10790,34,16
10793,0,2
10797,50,106
10798,4,7
10799,25,4
10800,71,26
10802,87,21
10803,9,6
10804,9,8
10807,13,10
10809,12,0
10812,4,2
10814,84,135
10815,10,2
10816,27,14
10817,2,0
10818,0,0
10820,95,14
10824,66,85
10830,0,0
10831,6,2
10832,6,2
10833,21,2
10834,11,18
10840,79,49
10845,0,0
10846,0,0
10848,5,8
10851,0,0
10855,49,44
10858,210,262
10860,23,8
10863,50,25
10864,67,27
10868,16,16
10869,19,9
10871,73,25
10873,586,595
10874,822,723
10879,27,16
10880,18,4
10883,43,57
10885,81,16
10886,0,0
10887,21,37
10888,9,4
10889,18,4
10893,22,16
10895,57,31
10897,54,19
10898,9,7
10904,160,262
10905,0,0
10906,68,4
10907,0,0
10909,48,28
10910,23,13
10912,11,19
10913,31,27
10917,21,2
10918,78,8
10920,63,17
10921,71,144
10925,154,174
10926,121,33
10928,43,99
10932,72,32
10933,98,59
10935,159,182
10936,146,185
10937,159,180
10938,88,153
10939,0,0
10940,13,77
10941,20,20
10943,63,16
10944,44,63
10946,210,151
10947,125,72
10949,22,14
10951,296,265
10952,60,30
10954,71,56
10955,60,66
10956,63,60
10957,174,268
10960,1,3
10961,17,14
10963,28,48
10964,6,85
10965,80,136
10966,52,111
10967,83,117
10969,35,66
10970,85,85
10972,104,259
10975,21,42
10976,19,4
10977,98,68
10978,17,14
10979,183,92
10982,105,117
10984,41,24
10985,1,4
10986,2,0
10989,0,0
10992,75,52
10993,12,64
10994,0,31
10995,26,52
10996,128,10
10997,55,95
11002,38,25
11003,14,31
11004,56,29
11005,26,39
11008,8,10
11010,75,42
11011,17,16
11012,55,41
11013,16,4
11014,4,6
11016,16,224
11017,58,158
11018,65,29
11019,0,0
11020,6,180
11021,36,10
11022,12,9
11024,1,4
11025,8,10
11027,25,41
11028,12,43
11030,15,222
11031,57,34
11033,7,40
11037,35,4
11038,116,102
11041,16,151
11043,18,17
11044,15,16
11046,11,21
11047,5,11
11048,68,16
11049,40,39
11050,26,37
11051,18,41
11052,21,59
11053,12,81
11054,10,90
11055,26,26
11056,167,243
11058,2,13
11060,1,9
11061,36,32
11062,117,87
11063,106,60
11064,101,321
11065,94,65
11066,91,75
11067,38,29
11068,29,18
11069,37,25
11070,54,32
11071,78,64
11073,53,41
11074,52,39
11076,86,58
11079,40,27
11080,35,35
11081,5,11
11082,17,32
11083,12,27
11084,7,21
11085,290,4
11086,207,4
11087,46,0
11089,79,0
11090,55,0
11091,99,0
11092,33,0
11094,236,3
11095,212,3
11096,0,57
11101,9,25
11102,31,31
11103,34,41
11104,34,21
11105,22,22
11106,16,3
11108,8,4
11109,33,27
11110,21,15
11111,68,52
11112,87,67
11113,96,69
11114,85,76
11115,67,67
11116,22,15
11117,20,4
11118,14,11
11120,12,3
11121,12,7
11122,25,33
11123,53,36
11124,55,37
11125,54,41
11126,51,39
11127,50,32
11128,28,17
11130,9,7
11131,6,10
11132,16,12
11133,59,41
11134,53,38
11135,97,151
11136,39,32
11137,80,37
11138,57,62
11139,42,51
11140,19,7
11141,11,7
11142,4,0
11144,0,30
11145,21,32
11146,1,49
11147,0,31
11148,5,24
11149,0,6
11150,1,1
11151,39,28
11152,8,10
11153,12,40
11154,13,56
11155,19,6
11156,41,65
11157,53,33
11158,40,28
11159,20,5
11160,21,10
11161,24,69
11162,38,64
11164,65,33
11165,238,219
11167,70,107
11169,72,87
11170,80,87
11171,143,124
11172,21,9
11173,15,6
11174,2,2
11175,100,70
11176,61,25
11178,176,91
11179,172,87
11180,159,80
11182,58,8
11183,115,116
11184,31,83
11185,49,95
11186,58,119
11189,43,157
11190,24,11
11191,0,36
11192,0,32
11194,0,25
11195,40,17
11196,30,18
11197,33,43
11198,20,41
11199,21,15
11200,135,138
11201,53,16
11202,68,26
11203,72,21
11204,71,34
11205,95,45
11206,80,27
11207,73,9
11208,66,11
11209,42,2
11210,0,13
11211,4,2
11212,6,5
11213,37,128
11218,43,211
11219,29,182
11220,4,21
11221,8,12
11223,27,16
11224,20,11
11225,17,10
11226,27,13
11227,37,4
11228,57,20
11229,8,21
11230,8,71
11231,21,30
11232,11,20
11233,76,62
11234,91,65
11235,25,15
11236,40,30
11237,41,29
11238,27,24
11239,26,23
11240,36,27
11241,33,53
11242,29,33
11243,29,23
11244,34,24
11245,44,21
11246,34,13
11247,21,8
11248,150,127
11249,123,90
11250,119,81
11252,33,16
11253,45,26
11254,25,16
11255,56,15
11256,10,5
11257,11,45
11258,5,33
11260,137,63
11261,192,76
11262,209,24
11263,203,24
11266,78,31
11267,58,39
11268,13,13
11269,20,13
11270,35,17
11271,120,52
11272,99,37
11273,101,42
11274,129,47
11275,15,4
11276,0,0
11277,0,0
11278,8,6
11279,13,6
11280,16,8
11281,27,18
11282,19,15
11283,12,20
11284,6,9
11285,8,2
11286,14,6
11288,42,47
11289,59,72
11290,41,37
11291,43,37
11292,40,15
11293,38,15
11294,23,15
11295,21,16
11296,34,16
11297,36,17
11298,37,17
11299,38,16
11300,29,16
11301,15,17
11302,14,1
11303,13,21
11304,3,14
11305,1,13
11306,0,15
11307,1,6
11308,5,3
11309,5,11
11310,2,13
11311,0,2
11312,0,2
11313,6,2
11314,7,8
11315,2,8
11316,4,6
11317,3,5
11318,2,3
11320,6,7
11321,15,9
11322,14,6
11323,6,3
11325,1,0
11326,20,14
11328,158,69
11329,155,70
11330,15,40
11331,3,25
11332,23,9
11333,7,10
11334,36,2
11335,20,7
11336,35,49
11337,30,53
11338,57,42
11339,32,28
11340,42,14
11341,19,17
11342,21,24
11343,12,17
11344,7,17
11345,9,3
11346,22,5
11347,11,3
11348,9,5
11349,0,1
11350,6,6
11351,5,5
11352,112,190
11354,78,35
11355,39,24
11356,122,126
11357,113,40
11358,96,49
11359,103,64
11360,40,31
11361,30,17
11362,32,15
11363,28,14
11364,40,10
11365,44,15
11366,50,15
11367,39,7
11368,40,11
11369,58,13
11370,42,47
11371,42,45
11372,31,7
11373,17,18
11374,20,14
11375,20,23
11376,29,16
11377,19,13
11378,36,10
11379,28,5
11380,22,7
11381,136,141
11383,179,100
11384,232,150
11385,168,94
11386,79,53
11387,78,52
11388,117,60
11389,131,65
11390,110,52
11391,10,28
11392,2,35
11393,7,38
11394,7,28
11395,5,34
11396,6,6
11397,2,3
11399,78,53
11400,115,67
11401,81,57
11402,58,39
11403,60,92
11404,111,80
11405,110,79
11406,112,78
11407,94,70
11408,63,60
11409,29,26
11410,39,27
11411,38,24
11413,144,52
11414,92,50
11415,62,32
11416,668,60
11417,582,131
11418,9,5
11419,11,3
11421,37,22
11422,32,42
11423,18,11
11424,0,2
11425,2,1
11426,136,55
11427,1,2
11428,11,12
11429,6,27
11430,114,15
11431,105,14
11432,99,9
11433,91,9
11434,2,8
11436,214,202
11437,479,5
11438,150,0
11439,146,0
11441,8,45
11442,64,98
11443,65,98
11444,74,94
11445,11,3
11447,13,5
11449,113,60
11453,172,118
11454,92,91
11455,95,87
11456,198,110
11457,2,2
11458,14,21
11462,1,0
11465,25,18
11466,0,0
11467,0,0
11468,46,45
11469,9,26
11470,24,41
11471,18,32
11472,29,11
11473,231,287
11476,2,14
11477,37,208
11478,0,2
11479,2,4
11480,1,5
11481,0,4
11482,0,4
11484,2,1
11485,1,1
11486,2,2
11487,58,78
11488,80,131
11489,46,59
11490,34,14
11491,35,20
11492,45,13
11493,4,1
11494,0,2
11496,27,113
11498,120,127
11499,3,2
11500,27,3
11502,12,13
11503,18,38
11504,8,4
11508,14,1
11509,4,1
11511,60,155
11512,59,57
11514,152,92
11516,4,3
11517,377,194
11518,343,196
11519,27,16
11520,49,11
11521,21,7
11523,0,0
11524,0,0
11525,84,12
11527,59,12
11528,61,11
11529,80,26
11530,20,75
11531,24,22
11533,6,6
11534,29,31
11535,2,1
11536,4,4
11537,20,7
11538,26,28
11539,161,100
11540,131,96
11541,135,100
11543,83,49
11544,125,82
11545,140,97
11547,52,8
11548,30,5
11549,13,3
11551,47,41
11552,54,56
11553,59,45
11554,85,318
11555,40,44
11556,27,36
11557,29,35
11558,72,88
11560,0,0
11561,37,54
11562,0,0
11564,27,58
11565,53,66
11566,70,30
11567,1,168
11569,35,13
11570,18,8
11571,4,0
11573,32,79
11574,11,40
11575,21,90
11576,53,88
11579,88,54
11580,129,71
11581,99,20
11582,26,21
11587,34,22
11588,42,40
11589,82,10
11591,74,77
11592,29,5
11593,0,0
11594,54,12
11595,111,16
11598,96,4
11604,0,6
11605,20,18
11606,0,5
11608,0,0
11609,88,77
11610,314,73
11611,323,61
11612,335,60
11613,347,67
11614,146,152
11615,72,149
11616,89,82
11617,39,54
11618,27,24
11619,1,15
11620,0,13
11621,71,33
11625,26,78
11626,171,113
11627,60,101
11628,78,37
11630,8,19
11631,11,31
11632,81,75
11633,89,84
11634,93,92
11636,187,212
11637,283,327
11638,0,1
11639,5,63
11640,49,152
11641,59,163
11642,102,120
11643,101,114
11644,100,113
11647,73,42
11648,33,30
11649,66,54
11650,51,71
11651,2,20
11653,95,249
11657,50,82
11658,53,51
11659,305,284
11660,274,253
11661,375,301
11662,1,0
11663,0,0
11664,81,565
11665,124,126
11666,32,43
11667,30,46
11668,36,39
11671,39,55
11672,50,74
11675,161,97
11677,7,8
11679,24,31
11680,0,0
11682,53,84
11683,14,2
11684,40,13
11685,20,14
11686,24,27
11687,7,7
11689,9,7
11690,20,15
11692,28,17
11693,19,3
11694,17,3
11696,1,5
11697,5,10
11698,17,16
11699,11,22
11700,49,89
11701,35,67
11702,112,128
11703,85,57
11704,55,34
11705,63,42
11706,68,38
11707,43,23
11709,33,15
11710,35,14
11712,98,27
11713,85,63
11714,51,16
11715,41,29
11717,18,8
11718,86,38
11719,52,41
11720,97,81
11721,113,49
11724,139,94
11725,85,68
11726,51,40
11727,25,17
11728,19,15
11729,8,14
11730,1,46
11731,27,51
11733,14,47
11734,27,12
11735,49,44
11737,35,43
11738,41,51
11740,24,11
11742,59,38
11743,112,77
11744,114,88
11745,5,9
11746,0,14
11747,39,24
11748,41,5
11751,68,1
11753,26,8
11754,91,25
11755,668,0
11757,127,77
11758,72,17
11759,47,20
11760,33,37
11761,23,32
11762,107,67
11764,79,63
11765,12,10
11766,10,8
11768,1,2
11770,122,84
11771,75,30
11772,53,32
11774,48,21
11775,34,39
11776,22,24
11777,29,24
11778,36,14
11779,47,12
11780,38,5
11781,5,11
11782,21,15
11783,33,19
11784,53,19
11785,50,25
11786,24,26
11787,18,31
11788,7,2
11790,78,49
11791,99,69
11792,76,61
11793,95,26
11796,122,40
11801,36,72
11802,5,7
11803,4,4
11805,36,10
11806,38,11
11807,26,12
11808,15,27
11809,20,26
11811,79,15
11812,85,1
11813,236,3
11816,8,3
11817,0,0
11820,216,172
11821,231,170
11822,244,169
11824,157,0
11825,76,0
11827,255,4
11833,0,0
11834,422,1
11835,806,1
11838,55,57
11839,57,51
11841,59,20
11842,66,17
11843,38,57
11844,14,8
11846,9,42
11847,19,8
11848,19,4
11849,48,39
11850,48,38
11851,3,56
11852,1,105
11855,169,7
11857,14,16
11858,2,8
11863,9,0
11864,57,23
11865,47,18
11866,0,0
11867,0,0
11868,3,10
11869,9,9
11871,0,0
11872,0,0
11875,0,0
11876,488,3
11877,2,5
11878,0,9
11879,19,13
11882,57,21
11883,9,0
11884,3,3
11885,0,0
11887,5,0
11888,0,0
11889,0,0
11890,8,0
11891,6,0
11892,15,0
11895,0,0
11898,243,99
11901,154,62
11902,71,55
11903,77,56
11904,0,0
11905,57,15
11906,48,50
11907,17,19
11908,218,83
11910,0,0
11911,2,0
11914,177,133
11915,146,178
11917,97,190
11918,381,233
11919,536,364
11920,46,35
11921,36,20
11922,15,14
11923,12,13
11924,170,49
11925,161,73
11926,21,30
11927,17,1
11928,34,2
11929,29,11
11930,28,13
11931,16,10
11932,36,44
11933,42,50
11934,42,52
11935,54,56
11936,44,43
11937,48,50
11939,94,35
11940,88,38
11941,116,52
11942,80,34
11943,86,108
11944,176,178
11945,76,122
11946,67,127
11947,39,25
11948,43,20
11949,44,23
11950,29,7
11951,25,49
11952,45,29
11953,55,61
11954,28,34
11955,35,35
11956,32,26
11957,34,66
11958,37,91
11959,38,26
11960,47,36
11961,52,51
11963,82,62
11964,49,24
11965,76,14
11966,66,12
11968,30,6
11973,122,10
11974,86,29
11975,107,96
11978,24,23
11979,3,3
11980,6,4
11981,15,10
11982,8,7
11984,11,15
11986,9,4
11987,17,6
11988,69,272
11991,13,6
11992,34,18
11995,16,71
11996,10,3
11997,18,31
11998,109,151
11999,104,153
12001,61,57
12002,58,62
12003,63,52
12004,0,4
12005,68,10
12006,59,10
12007,74,53
12008,71,21
12009,58,58
12010,56,31
12011,156,98
12014,57,19
12015,35,82
12017,55,21
12018,35,4
12021,91,143
12022,80,148
12024,63,167
12025,68,47
12026,75,99
12028,11,4
12029,27,18
12030,0,2
12031,0,0
12032,21,7
12033,11,5
12036,8,2
12039,177,70
12040,91,59
12041,72,45
12043,666,3
12044,264,0
12045,100,0
12046,2,0
12050,5,0
12052,5,157
12053,18,151
12054,167,215
12055,12,102
12057,101,144
12058,76,166
12059,126,163
12061,131,189
12062,62,41
12064,2,0
12065,0,0
12066,2,0
12067,30,29
12069,30,9
12071,24,13
12072,102,15
12073,49,5
12074,91,111
12075,74,110
12076,68,131
12078,46,22
12079,40,3
12080,54,91
12081,36,35
12082,18,10
12083,21,13
12084,31,14
12085,40,60
12086,40,63
12087,40,56
12089,102,117
12091,5,0
12092,6,0
12093,7,0
12094,3,0
12098,2,4
12099,0,3
12101,2,0
12102,35,0
12103,22,0
12104,16,2
12105,3,48
12106,21,26
12108,10,6
12109,0,0
12113,1,79
12114,1,67
12115,87,100
12116,54,66
12118,44,17
12119,33,149
12120,27,48
12121,14,4
12122,85,25
12123,32,16
12124,31,16
12127,69,131
12129,76,139
12131,16,17
12137,180,0
12140,49,35
12141,53,37
12142,4,173
12143,6,176
12144,6,212
12145,36,65
12146,32,12
12147,3,10
12148,0,81
12149,10,23
12154,28,30
12159,73,11
12162,103,72
12163,16,23
12164,4,15
12165,2,151
12166,12,64
12167,20,74
12168,45,148
12169,12,76
12170,9,54
12171,16,20
12172,25,12
12174,58,41
12176,105,65
12177,46,31
12178,22,17
12181,2,0
12183,105,85
12184,104,46
12185,104,38
12186,88,33
12189,79,29
12191,129,82
12193,86,73
12194,59,28
12195,44,31
12197,25,14
12199,2,60
12200,49,15
12201,52,20
12203,82,162
12204,9,10
12205,66,29
12208,96,60
12211,64,77
12214,21,0
12215,11,0
12216,19,0
12217,48,4
12218,103,6
12219,7,1
12221,3,0
12222,4,0
12223,2,0
12228,1,0
12233,52,51
12234,15,14
12235,13,10
12237,15,63
12238,33,6
12239,39,11
12240,36,12
12241,30,13
12242,43,40
12243,46,32
12244,53,29
12245,55,29
12246,51,26
12247,46,50
12248,12,15
12254,0,19
12257,54,128
12258,72,87
12259,0,0
12262,170,64
12264,6,10
12266,13,17
12267,13,11
12268,14,8
12269,14,4
12270,107,32
12271,178,58
12272,83,52
12273,27,19
12275,35,40
12276,158,34
12277,83,36
12278,57,32
12279,85,126
12280,86,132
12281,18,13
12282,29,15
12283,25,25
12284,19,22
12285,35,29
12286,93,95
12287,44,6
12288,80,37
12289,79,42
12290,202,139
12291,232,153
12293,0,4
12295,26,7
12296,16,5
12297,4,4
12298,57,26
12299,270,18
12300,268,10
12301,266,6
12302,268,2
12303,272,2
12307,24,33
12309,12,6
12310,12,8
12313,28,13
12317,66,55
12318,113,62
12322,7,5
12323,103,75
12324,62,43
12326,52,39
12327,76,41
12328,53,24
12329,36,52
12331,0,8
12333,112,100
12334,93,90
12335,88,76
12337,50,55
12338,49,52
12340,17,0
12341,11,19
12342,7,18
12343,5,24
12344,8,0
12345,10,7
12346,6,2
12347,10,2
12348,10,7
12349,16,2
12350,25,5
12351,31,17
12352,34,10
12353,28,10
12354,7,1
12355,5,18
12356,2,1
12357,0,0
12358,7,0
12359,11,3
12360,4,1
12361,4,4
12362,2,2
12363,5,10
12364,0,10
12365,1,17
12366,3,6
12367,2,2
12368,10,6
12369,13,2
12370,2,4
12371,2,1
12372,4,4
12373,3,1
12374,1,2
12375,2,2
12376,3,6
12377,4,10
12378,4,1
12379,8,1
12380,9,1
12381,12,5
12382,12,3
12383,10,6
12384,12,0
12385,4,4
12386,0,9
12387,0,2
12388,13,19
12389,10,3
12390,12,33
12391,9,9
12392,8,10
12393,7,8
12394,2,8
12395,14,0
12396,5,0
12397,3,8
12398,1,7
12399,0,9
12400,2,4
12401,1,0
12402,0,2
12403,0,2
12404,0,0
12405,10,5
12406,1,1
12408,7,3
12409,2,2
12410,2,0
12411,4,3
12412,1,1
12413,0,0
12414,5,0
12415,5,12
12416,25,26
12417,22,20
12418,10,5
12419,2,1
12420,0,2
12421,9,8
12424,33,69
12425,30,66
12428,8,0
12429,11,6
12432,5,7
12433,5,7
12436,30,4
12437,18,12
12438,24,11
12439,29,9
12440,35,26
12441,32,26
12442,35,23
12444,29,27
12445,10,12
12447,47,67
12448,66,88
12449,29,16
12450,83,41
12451,131,45
12452,130,37
12453,42,20
12454,0,0
12455,0,0
12456,34,30
12457,15,19
12458,40,38
12459,48,40
12462,60,40
12463,68,44
12464,74,46
12466,122,65
12468,57,59
12469,24,47
12471,46,10
12476,594,15
12477,10,13
12478,0,18
12481,59,24
12482,61,23
12483,53,21
12484,52,24
12485,36,9
12491,19,4
12492,23,6
12494,298,149
12495,299,146
12498,31,135
12499,30,17
12500,19,9
12501,14,10
12502,350,12
12503,193,8
12504,13,58
12505,4,64
12506,15,38
12507,19,44
12508,35,58
12509,162,60
12510,134,60
12512,3,10
12515,11,5
12518,59,31
12520,165,263
12521,0,0
12522,0,0
12525,26,22
12527,27,10
12529,23,12
12532,59,92
12533,81,27
12534,62,23
12535,90,161
12538,193,186
12539,112,156
12541,13,35
12542,36,11
12543,39,11
12544,337,242
12545,365,245
12546,384,74
12548,72,127
12549,4,4
12550,0,2
12551,0,2
12554,71,20
12555,91,107
12556,86,109
12557,9,46
12558,445,9
12559,61,37
12560,47,28
12561,78,18
12562,87,49
12564,77,37
12565,0,43
12567,45,22
12568,85,57
12569,89,59
12572,26,8
12573,38,15
12574,6,2
12575,6,43
12576,30,84
12579,139,91
12580,95,204
12582,63,9
12584,730,40
12585,61,27
12587,78,50
12588,87,52
12589,132,98
12590,44,48
12591,51,32
12592,58,20
12593,0,3
12594,0,4
12595,17,13
12596,37,21
12599,0,1
12600,5,6
12601,0,1
12605,81,94
12606,74,88
12607,6,14
12611,109,40
12612,107,148
12615,65,37
12616,37,6
